"Profile","Id","Path","Slice Name","Alias(s)","Label","Min","Max","Must Support?","Is Modifier?","Is Summary?","Type(s)","Short","Definition","Comments","Requirements","Default Value","Meaning When Missing","Fixed Value","Pattern","Example","Minimum Value","Maximum Value","Maximum Length","Binding Strength","Binding Description","Binding Value Set","Code","Slicing Discriminator","Slicing Description","Slicing Ordered","Slicing Rules","Base Path","Base Min","Base Max","Condition(s)","Constraint(s)"
"Analysgrupp-2","Analysgrupp-2","Analysgrupp-2","","","",0,*,"","","","null {[]} {[]}
","Analysgrupp","Supporting logical model generated from gloo4.xmi (source class: Analysgrupp).","","","","","","","","","",,,,,"",,,,"Base",0,*,"",""
"Analysgrupp-2","Analysgrupp-2.grupperar","Analysgrupp-2.grupperar","","","",0,1,"","","","http://example.org/fhir/xmi-to-fsh/StructureDefinition/Laboratorieanalys-Aktivitet-inom-halso--och-sjukvard {[]} {[]}
","Source attribute: grupperar","Source attribute: grupperar","","","","","","","","","",,,,,"",,,,"Analysgrupp-2.grupperar",0,1,"",""
"Analysgrupp-svarsgrupp","Analysgrupp-svarsgrupp","Analysgrupp-svarsgrupp","","","",0,*,"","","","null {[]} {[]}
","Analysgrupp (svarsgrupp)","Supporting logical model generated from gloo4.xmi (source class: Analysgrupp (svarsgrupp)).","","","","","","","","","",,,,,"",,,,"Base",0,*,"",""
"Analysgrupp-svarsgrupp","Analysgrupp-svarsgrupp.grupperarAnalyserSomUtfortsPaSamma","Analysgrupp-svarsgrupp.grupperarAnalyserSomUtfortsPaSamma","","","",0,1,"","","","http://example.org/fhir/xmi-to-fsh/StructureDefinition/Prov-Resurs-inom-halso--och-sjukvard {[]} {[]}
","Source attribute: grupperar analyser som utförts på samma","Source attribute: grupperar analyser som utförts på samma","","","","","","","","","",,,,,"",,,,"Analysgrupp-svarsgrupp.grupperarAnalyserSomUtfortsPaSamma",0,1,"",""
"Analysgrupp","Analysgrupp","Analysgrupp","","","",0,*,"","","","null {[]} {[]}
","Analysgrupp","Supporting logical model generated from gloo4.xmi (source class: Analysgrupp).","","","","","","","","","",,,,,"",,,,"Base",0,*,"",""
"Analysgrupp","Analysgrupp.namn","Analysgrupp.namn","","","",0,1,"","","","http://example.org/fhir/xmi-to-fsh/StructureDefinition/ST {[]} {[]}
","Source attribute: namn","Source attribute: namn","","","","","","","","","",,,,,"",,,,"Analysgrupp.namn",0,1,"",""
"Analysgrupp","Analysgrupp.listkod","Analysgrupp.listkod","","","",0,1,"","","","http://example.org/fhir/xmi-to-fsh/StructureDefinition/CV {[]} {[]}
","Source attribute: listkod","Source attribute: listkod","","","","","","","","","",,,,,"",,,,"Analysgrupp.listkod",0,1,"",""
"Analysgrupp","Analysgrupp.gruppkommentar","Analysgrupp.gruppkommentar","","","",0,1,"","","","http://example.org/fhir/xmi-to-fsh/StructureDefinition/ST {[]} {[]}
","Source attribute: gruppkommentar","Source attribute: gruppkommentar","","","","","","","","","",,,,,"",,,,"Analysgrupp.gruppkommentar",0,1,"",""
"Analysgrupp","Analysgrupp.bestarAv","Analysgrupp.bestarAv","","","",1,1,"","","","http://example.org/fhir/xmi-to-fsh/StructureDefinition/Laboratoriesvar-Dokument {[]} {[]}
","Source attribute: består av","Source attribute: består av","","","","","","","","","",,,,,"",,,,"Analysgrupp.bestarAv",1,1,"",""
"Analysgrupp","Analysgrupp.bestarAv2","Analysgrupp.bestarAv2","","","",1,*,"","","","http://example.org/fhir/xmi-to-fsh/StructureDefinition/Laboratorieanalys-Aktivitet {[]} {[]}
","Source attribute: består av","Source attribute: består av","","","","","","","","","",,,,,"",,,,"Analysgrupp.bestarAv2",1,*,"",""
"Analysutrustning-Resurs","Analysutrustning-Resurs","Analysutrustning-Resurs","","","",0,*,"","","","null {[]} {[]}
","Analysutrustning : Resurs","Supporting logical model generated from gloo4.xmi (source class: Analysutrustning : Resurs).","","","","","","","","","",,,,,"",,,,"Base",0,*,"",""
"Analysutrustning-Resurs","Analysutrustning-Resurs.-id","Analysutrustning-Resurs._id","","","",0,1,"","","","http://example.org/fhir/xmi-to-fsh/StructureDefinition/II {[]} {[]}
","Source attribute: id; renamed from reserved FSH name 'id'","Source attribute: id; renamed from reserved FSH name 'id'","","","","","","","","","",,,,,"",,,,"Analysutrustning-Resurs._id",0,1,"",""
"Analysutrustning-Resurs","Analysutrustning-Resurs.typ","Analysutrustning-Resurs.typ","","","",0,1,"","","","http://example.org/fhir/xmi-to-fsh/StructureDefinition/CV-CWE {[]} {[]}
","Source attribute: typ","Source attribute: typ","","","","","","","","","",,,,,"",,,,"Analysutrustning-Resurs.typ",0,1,"",""
"Analysutrustning-Resurs","Analysutrustning-Resurs.beskrivning","Analysutrustning-Resurs.beskrivning","","","",0,1,"","","","http://example.org/fhir/xmi-to-fsh/StructureDefinition/ST {[]} {[]}
","Source attribute: beskrivning","Source attribute: beskrivning","","","","","","","","","",,,,,"",,,,"Analysutrustning-Resurs.beskrivning",0,1,"",""
"Analysutrustning-Resurs","Analysutrustning-Resurs.harAnvant","Analysutrustning-Resurs.harAnvant","","","",0,*,"","","","http://example.org/fhir/xmi-to-fsh/StructureDefinition/Laboratorieanalys-Aktivitet {[]} {[]}
","Source attribute: har använt","Source attribute: har använt","","","","","","","","","",,,,,"",,,,"Analysutrustning-Resurs.harAnvant",0,*,"",""
"Ansvarig-enhet-Organisation-inom-halso--och-sjukvard","Ansvarig-enhet-Organisation-inom-halso--och-sjukvard","Ansvarig-enhet-Organisation-inom-halso--och-sjukvard","","","",0,*,"","","","null {[]} {[]}
","Ansvarig enhet : Organisation (inom hälso- och sjukvård)","Supporting logical model generated from gloo4.xmi (source class: Ansvarig enhet : Organisation (inom hälso- och sjukvård)).","","","","","","","","","",,,,,"",,,,"Base",0,*,"",""
"Ansvarig-enhet-Organisation-inom-halso--och-sjukvard","Ansvarig-enhet-Organisation-inom-halso--och-sjukvard.ansvararFor","Ansvarig-enhet-Organisation-inom-halso--och-sjukvard.ansvararFor","","","",0,1,"","","","http://example.org/fhir/xmi-to-fsh/StructureDefinition/Remissvar-Dokument-inom-halso--och-sjukvard {[]} {[]}
","Source attribute: ansvarar för","Source attribute: ansvarar för","","","","","","","","","",,,,,"",,,,"Ansvarig-enhet-Organisation-inom-halso--och-sjukvard.ansvararFor",0,1,"",""
"Ansvarig-enhet-Organisation-inom-halso--och-sjukvard","Ansvarig-enhet-Organisation-inom-halso--och-sjukvard.arEn","Ansvarig-enhet-Organisation-inom-halso--och-sjukvard.arEn","","","",0,1,"","","","http://example.org/fhir/xmi-to-fsh/StructureDefinition/Organisatorisk-enhet-Organisation-inom-halso--och-sjukv {[]} {[]}
","Source attribute: är en","Source attribute: är en","","","","","","","","","",,,,,"",,,,"Ansvarig-enhet-Organisation-inom-halso--och-sjukvard.arEn",0,1,"",""
"Ansvarig-enhet-Organisation-inom-halso--och-sjukvard","Ansvarig-enhet-Organisation-inom-halso--och-sjukvard.ansvararFor2","Ansvarig-enhet-Organisation-inom-halso--och-sjukvard.ansvararFor2","","","",0,1,"","","","http://example.org/fhir/xmi-to-fsh/StructureDefinition/Laboratoriesvar-Dokument-inom-halso--och-sjukvard {[]} {[]}
","Source attribute: ansvarar för","Source attribute: ansvarar för","","","","","","","","","",,,,,"",,,,"Ansvarig-enhet-Organisation-inom-halso--och-sjukvard.ansvararFor2",0,1,"",""
"BL","BL","BL","","","",0,*,"","","","","BL","Supporting logical model generated from gloo4.xmi (source class: BL).","","","","","","","","","",,,,,"",,,,"Base",0,*,"",""
"CV-CWE","CV-CWE","CV-CWE","","","",0,*,"","","","","CV CWE","Supporting logical model generated from gloo4.xmi (source class: CV CWE).","","","","","","","","","",,,,,"",,,,"Base",0,*,"",""
"CV","CV","CV","","","",0,*,"","","","","CV","Supporting logical model generated from gloo4.xmi (source class: CV).","","","","","","","","","",,,,,"",,,,"Base",0,*,"",""
"Delsvar-Dokument-inom-halso--och-sjukvard","Delsvar-Dokument-inom-halso--och-sjukvard","Delsvar-Dokument-inom-halso--och-sjukvard","","","",0,*,"","","","null {[]} {[]}
","Delsvar : Dokument (inom hälso- och sjukvård)","Supporting logical model generated from gloo4.xmi (source class: Delsvar : Dokument (inom hälso- och sjukvård)).","","","","","","","","","",,,,,"",,,,"Base",0,*,"",""
"Delsvar-Dokument-inom-halso--och-sjukvard","Delsvar-Dokument-inom-halso--och-sjukvard.arEtt","Delsvar-Dokument-inom-halso--och-sjukvard.arEtt","","","",0,1,"","","","http://example.org/fhir/xmi-to-fsh/StructureDefinition/Preliminarsvar-Dokument-inom-halso--och-sjukvard {[]} {[]}
","Source attribute: är ett","Source attribute: är ett","","","","","","","","","",,,,,"",,,,"Delsvar-Dokument-inom-halso--och-sjukvard.arEtt",0,1,"",""
"Delsvar-Dokument-inom-halso--och-sjukvard","Delsvar-Dokument-inom-halso--och-sjukvard.arEtt2","Delsvar-Dokument-inom-halso--och-sjukvard.arEtt2","","","",0,1,"","","","http://example.org/fhir/xmi-to-fsh/StructureDefinition/Remissvar-Dokument-inom-halso--och-sjukvard {[]} {[]}
","Source attribute: är ett","Source attribute: är ett","","","","","","","","","",,,,,"",,,,"Delsvar-Dokument-inom-halso--och-sjukvard.arEtt2",0,1,"",""
"FHIR-Diagnostic-Report-Status","FHIR-Diagnostic-Report-Status","FHIR-Diagnostic-Report-Status","","","",0,*,"","","","","FHIR Diagnostic Report Status ","Supporting logical model generated from gloo4.xmi (source class: FHIR Diagnostic Report Status ).","","","","","","","","","",,,,,"",,,,"Base",0,*,"",""
"Fordjupad-analys","Fordjupad-analys","Fordjupad-analys","","","",0,*,"","","","null {[]} {[]}
","Fördjupad analys","Supporting logical model generated from gloo4.xmi (source class: Fördjupad analys).","","","","","","","","","",,,,,"",,,,"Base",0,*,"",""
"Fordjupad-analys","Fordjupad-analys.arEn","Fordjupad-analys.arEn","","","",0,1,"","","","http://example.org/fhir/xmi-to-fsh/StructureDefinition/Laboratorieanalys-Aktivitet-inom-halso--och-sjukvard {[]} {[]}
","Source attribute: är en","Source attribute: är en","","","","","","","","","",,,,,"",,,,"Fordjupad-analys.arEn",0,1,"",""
"Forekomst-av-antikropp-titer","Forekomst-av-antikropp-titer","Forekomst-av-antikropp-titer","","","",0,*,"","","","","Förekomst av antikropp (titer)","Supporting logical model generated from gloo4.xmi (source class: Förekomst av antikropp (titer)).","","","","","","","","","",,,,,"",,,,"Base",0,*,"",""
"HSA-verksamhetskod","HSA-verksamhetskod","HSA-verksamhetskod","","","",0,*,"","","","","HSA verksamhetskod","Supporting logical model generated from gloo4.xmi (source class: HSA verksamhetskod).","","","","","","","","","",,,,,"",,,,"Base",0,*,"",""
"Halso--och-sjukvardspersonal-Halso--och-sjukvardsperson","Halso--och-sjukvardspersonal-Halso--och-sjukvardsperson","Halso--och-sjukvardspersonal-Halso--och-sjukvardsperson","","","",0,*,"","","","null {[]} {[]}
","Hälso- och sjukvårdspersonal : Hälso- och sjukvårdspersonal","Supporting logical model generated from gloo4.xmi (source class: Hälso- och sjukvårdspersonal : Hälso- och sjukvårdspersonal).","","","","","","","","","",,,,,"",,,,"Base",0,*,"",""
"Halso--och-sjukvardspersonal-Halso--och-sjukvardsperson","Halso--och-sjukvardspersonal-Halso--och-sjukvardsperson.-id","Halso--och-sjukvardspersonal-Halso--och-sjukvardsperson._id","","","",0,1,"","","","http://example.org/fhir/xmi-to-fsh/StructureDefinition/II {[]} {[]}
","Source attribute: id; renamed from reserved FSH name 'id'","Source attribute: id; renamed from reserved FSH name 'id'","","","","","","","","","",,,,,"",,,,"Halso--och-sjukvardspersonal-Halso--och-sjukvardsperson._id",0,1,"",""
"Halso--och-sjukvardspersonal-Halso--och-sjukvardsperson","Halso--och-sjukvardspersonal-Halso--och-sjukvardsperson.namn","Halso--och-sjukvardspersonal-Halso--och-sjukvardsperson.namn","","","",0,1,"","","","http://example.org/fhir/xmi-to-fsh/StructureDefinition/ST {[]} {[]}
","Source attribute: namn","Source attribute: namn","","","","","","","","","",,,,,"",,,,"Halso--och-sjukvardspersonal-Halso--och-sjukvardsperson.namn",0,1,"",""
"Halso--och-sjukvardspersonal-Halso--och-sjukvardsperson","Halso--och-sjukvardspersonal-Halso--och-sjukvardsperson.befattning","Halso--och-sjukvardspersonal-Halso--och-sjukvardsperson.befattning","","","",0,1,"","","","http://example.org/fhir/xmi-to-fsh/StructureDefinition/CV-CWE {[]} {[]}
","Source attribute: befattning","Source attribute: befattning","","","","","","","","","",,,,,"",,,,"Halso--och-sjukvardspersonal-Halso--och-sjukvardsperson.befattning",0,1,"",""
"Halso--och-sjukvardspersonal-Halso--och-sjukvardsperson","Halso--och-sjukvardspersonal-Halso--och-sjukvardsperson.harMedicinsktAnsvarig","Halso--och-sjukvardspersonal-Halso--och-sjukvardsperson.harMedicinsktAnsvarig","","","",0,*,"","","","http://example.org/fhir/xmi-to-fsh/StructureDefinition/Laboratoriesvar-Dokument {[]} {[]}
","Source attribute: har medicinskt ansvarig","Source attribute: har medicinskt ansvarig","","","","","","","","","",,,,,"",,,,"Halso--och-sjukvardspersonal-Halso--och-sjukvardsperson.harMedicinsktAnsvarig",0,*,"",""
"Halso--och-sjukvardspersonal-Halso--och-sjukvardsperson","Halso--och-sjukvardspersonal-Halso--och-sjukvardsperson.utforsAv","Halso--och-sjukvardspersonal-Halso--och-sjukvardsperson.utforsAv","","","",0,*,"","","","http://example.org/fhir/xmi-to-fsh/StructureDefinition/Signering-Deltagande {[]} {[]}
","Source attribute: utförs av","Source attribute: utförs av","","","","","","","","","",,,,,"",,,,"Halso--och-sjukvardspersonal-Halso--och-sjukvardsperson.utforsAv",0,*,"",""
"Halso--och-sjukvardspersonal-Halso--och-sjukvardsperson","Halso--och-sjukvardspersonal-Halso--och-sjukvardsperson.harRemittent","Halso--och-sjukvardspersonal-Halso--och-sjukvardsperson.harRemittent","","","",0,*,"","","","http://example.org/fhir/xmi-to-fsh/StructureDefinition/Remiss-Dokument {[]} {[]}
","Source attribute: har remittent","Source attribute: har remittent","","","","","","","","","",,,,,"",,,,"Halso--och-sjukvardspersonal-Halso--och-sjukvardsperson.harRemittent",0,*,"",""
"Halso--och-sjukvardspersonal-Halso--och-sjukvardsperson","Halso--och-sjukvardspersonal-Halso--och-sjukvardsperson.harUppdragFor","Halso--och-sjukvardspersonal-Halso--och-sjukvardsperson.harUppdragFor","","","",0,*,"","","","http://example.org/fhir/xmi-to-fsh/StructureDefinition/Organisatorisk-enhet-Organisatorisk-enhet {[]} {[]}
","Source attribute: har uppdrag för","Source attribute: har uppdrag för","","","","","","","","","",,,,,"",,,,"Halso--och-sjukvardspersonal-Halso--och-sjukvardsperson.harUppdragFor",0,*,"",""
"Halso--och-sjukvardspersonal","Halso--och-sjukvardspersonal","Halso--och-sjukvardspersonal","","","",0,*,"","","","null {[]} {[]}
",": Hälso- och sjukvårdspersonal","Supporting logical model generated from gloo4.xmi (source class: : Hälso- och sjukvårdspersonal).","","","","","","","","","",,,,,"",,,,"Base",0,*,"",""
"Halso--och-sjukvardspersonal","Halso--och-sjukvardspersonal.gorsAv","Halso--och-sjukvardspersonal.gorsAv","","","",0,1,"","","","http://example.org/fhir/xmi-to-fsh/StructureDefinition/Signering-Deltagande-2 {[]} {[]}
","Source attribute: görs av","Source attribute: görs av","","","","","","","","","",,,,,"",,,,"Halso--och-sjukvardspersonal.gorsAv",0,1,"",""
"Halso--och-sjukvardspersonal","Halso--och-sjukvardspersonal.arEn","Halso--och-sjukvardspersonal.arEn","","","",0,1,"","","","http://example.org/fhir/xmi-to-fsh/StructureDefinition/Remittent-Halso--och-sjukvardspersonal {[]} {[]}
","Source attribute: är en","Source attribute: är en","","","","","","","","","",,,,,"",,,,"Halso--och-sjukvardspersonal.arEn",0,1,"",""
"II","II","II","","","",0,*,"","","","","II","Supporting logical model generated from gloo4.xmi (source class: II).","","","","","","","","","",,,,,"",,,,"Base",0,*,"",""
"INT","INT","INT","","","",0,*,"","","","","INT","Supporting logical model generated from gloo4.xmi (source class: INT).","","","","","","","","","",,,,,"",,,,"Base",0,*,"",""
"IVL-PQ","IVL-PQ","IVL-PQ","","","",0,*,"","","","","IVL<PQ>","Supporting logical model generated from gloo4.xmi (source class: IVL<PQ>).","","","","","","","","","",,,,,"",,,,"Base",0,*,"",""
"Informationsmodell","Informationsmodell","Informationsmodell","","","",0,*,"","","","","Informationsmodell","Root logical model generated from gloo4.xmi (source class: Informationsmodell).","","","","","","","","","",,,,,"",,,,"Base",0,*,"",""
"KV-befattning","KV-befattning","KV-befattning","","","",0,*,"","","","","KV befattning","Supporting logical model generated from gloo4.xmi (source class: KV befattning).","","","","","","","","","",,,,,"",,,,"Base",0,*,"",""
"KV-kon","KV-kon","KV-kon","","","",0,*,"","","","","KV kön","Supporting logical model generated from gloo4.xmi (source class: KV kön).","","","","","","","","","",,,,,"",,,,"Base",0,*,"",""
"Kontaktinformation","Kontaktinformation","Kontaktinformation","","","",0,*,"","","","null {[]} {[]}
","Kontaktinformation","Supporting logical model generated from gloo4.xmi (source class: Kontaktinformation).","","","","","","","","","",,,,,"",,,,"Base",0,*,"",""
"Kontaktinformation","Kontaktinformation.text","Kontaktinformation.text","","","",1,1,"","","","http://example.org/fhir/xmi-to-fsh/StructureDefinition/ST {[]} {[]}
","Source attribute: text","Source attribute: text","","","","","","","","","",,,,,"",,,,"Kontaktinformation.text",1,1,"",""
"Kontaktinformation","Kontaktinformation.innehaller","Kontaktinformation.innehaller","","","",1,1,"","","","http://example.org/fhir/xmi-to-fsh/StructureDefinition/Laboratoriesvar-Dokument {[]} {[]}
","Source attribute: innehåller","Source attribute: innehåller","","","","","","","","","",,,,,"",,,,"Kontaktinformation.innehaller",1,1,"",""
"Kopiemottagande-enhet","Kopiemottagande-enhet","Kopiemottagande-enhet","","","",0,*,"","","","null {[]} {[]}
","Kopiemottagande enhet","Supporting logical model generated from gloo4.xmi (source class: Kopiemottagande enhet).","","","","","","","","","",,,,,"",,,,"Base",0,*,"",""
"Kopiemottagande-enhet","Kopiemottagande-enhet.tarEmotKopiaAv","Kopiemottagande-enhet.tarEmotKopiaAv","","","",0,1,"","","","http://example.org/fhir/xmi-to-fsh/StructureDefinition/Remissvar-Dokument-inom-halso--och-sjukvard {[]} {[]}
","Source attribute: tar emot kopia av","Source attribute: tar emot kopia av","","","","","","","","","",,,,,"",,,,"Kopiemottagande-enhet.tarEmotKopiaAv",0,1,"",""
"Kopiemottagande-enhet","Kopiemottagande-enhet.arEn","Kopiemottagande-enhet.arEn","","","",0,1,"","","","http://example.org/fhir/xmi-to-fsh/StructureDefinition/Organisatorisk-enhet-Organisation-inom-halso--och-sjukv {[]} {[]}
","Source attribute: är en","Source attribute: är en","","","","","","","","","",,,,,"",,,,"Kopiemottagande-enhet.arEn",0,1,"",""
"Laboratorieanalys-Aktivitet-inom-halso--och-sjukvard","Laboratorieanalys-Aktivitet-inom-halso--och-sjukvard","Laboratorieanalys-Aktivitet-inom-halso--och-sjukvard","","","",0,*,"","","","null {[]} {[]}
","Laboratorieanalys : Aktivitet (inom hälso- och sjukvård)","Supporting logical model generated from gloo4.xmi (source class: Laboratorieanalys : Aktivitet (inom hälso- och sjukvård)).","","","","","","","","","",,,,,"",,,,"Base",0,*,"",""
"Laboratorieanalys-Aktivitet-inom-halso--och-sjukvard","Laboratorieanalys-Aktivitet-inom-halso--och-sjukvard.arEn","Laboratorieanalys-Aktivitet-inom-halso--och-sjukvard.arEn","","","",0,1,"","","","http://example.org/fhir/xmi-to-fsh/StructureDefinition/Fordjupad-analys {[]} {[]}
","Source attribute: är en","Source attribute: är en","","","","","","","","","",,,,,"",,,,"Laboratorieanalys-Aktivitet-inom-halso--och-sjukvard.arEn",0,1,"",""
"Laboratorieanalys-Aktivitet-inom-halso--och-sjukvard","Laboratorieanalys-Aktivitet-inom-halso--och-sjukvard.arResultatAv","Laboratorieanalys-Aktivitet-inom-halso--och-sjukvard.arResultatAv","","","",0,1,"","","","http://example.org/fhir/xmi-to-fsh/StructureDefinition/Laboratorieanalysresultat-Observerat-halsotillstand {[]} {[]}
","Source attribute: är resultat av","Source attribute: är resultat av","","","","","","","","","",,,,,"",,,,"Laboratorieanalys-Aktivitet-inom-halso--och-sjukvard.arResultatAv",0,1,"",""
"Laboratorieanalys-Aktivitet-inom-halso--och-sjukvard","Laboratorieanalys-Aktivitet-inom-halso--och-sjukvard.utforsPa","Laboratorieanalys-Aktivitet-inom-halso--och-sjukvard.utforsPa","","","",0,1,"","","","http://example.org/fhir/xmi-to-fsh/StructureDefinition/Prov-Resurs-inom-halso--och-sjukvard {[]} {[]}
","Source attribute: utförs på","Source attribute: utförs på","","","","","","","","","",,,,,"",,,,"Laboratorieanalys-Aktivitet-inom-halso--och-sjukvard.utforsPa",0,1,"",""
"Laboratorieanalys-Aktivitet-inom-halso--och-sjukvard","Laboratorieanalys-Aktivitet-inom-halso--och-sjukvard.utforsInomEn","Laboratorieanalys-Aktivitet-inom-halso--och-sjukvard.utforsInomEn","","","",0,1,"","","","http://example.org/fhir/xmi-to-fsh/StructureDefinition/Laboratoriedisciplin {[]} {[]}
","Source attribute: utförs inom en","Source attribute: utförs inom en","","","","","","","","","",,,,,"",,,,"Laboratorieanalys-Aktivitet-inom-halso--och-sjukvard.utforsInomEn",0,1,"",""
"Laboratorieanalys-Aktivitet-inom-halso--och-sjukvard","Laboratorieanalys-Aktivitet-inom-halso--och-sjukvard.utfor","Laboratorieanalys-Aktivitet-inom-halso--och-sjukvard.utfor","","","",0,1,"","","","http://example.org/fhir/xmi-to-fsh/StructureDefinition/Utforande-enhet-Organisation-inom-halso--och-sjukvard {[]} {[]}
","Source attribute: utför","Source attribute: utför","","","","","","","","","",,,,,"",,,,"Laboratorieanalys-Aktivitet-inom-halso--och-sjukvard.utfor",0,1,"",""
"Laboratorieanalys-Aktivitet-inom-halso--och-sjukvard","Laboratorieanalys-Aktivitet-inom-halso--och-sjukvard.avserBegaranOmUtforandeAvEnEllerFlera","Laboratorieanalys-Aktivitet-inom-halso--och-sjukvard.avserBegaranOmUtforandeAvEnEllerFlera","","","",0,1,"","","","http://example.org/fhir/xmi-to-fsh/StructureDefinition/Remiss-Dokument-inom-halso--och-sjukvard {[]} {[]}
","Source attribute: avser begäran om utförande av en eller flera","Source attribute: avser begäran om utförande av en eller flera","","","","","","","","","",,,,,"",,,,"Laboratorieanalys-Aktivitet-inom-halso--och-sjukvard.avserBegaranOmUtforandeAvEnEllerFlera",0,1,"",""
"Laboratorieanalys-Aktivitet-inom-halso--och-sjukvard","Laboratorieanalys-Aktivitet-inom-halso--och-sjukvard.grupperar","Laboratorieanalys-Aktivitet-inom-halso--och-sjukvard.grupperar","","","",0,1,"","","","http://example.org/fhir/xmi-to-fsh/StructureDefinition/Analysgrupp-2 {[]} {[]}
","Source attribute: grupperar","Source attribute: grupperar","","","","","","","","","",,,,,"",,,,"Laboratorieanalys-Aktivitet-inom-halso--och-sjukvard.grupperar",0,1,"",""
"Laboratorieanalys-Aktivitet","Laboratorieanalys-Aktivitet","Laboratorieanalys-Aktivitet","","","",0,*,"","","","null {[]} {[]}
","Laboratorieanalys : Aktivitet","Supporting logical model generated from gloo4.xmi (source class: Laboratorieanalys : Aktivitet).","","","","","","","","","",,,,,"",,,,"Base",0,*,"",""
"Laboratorieanalys-Aktivitet","Laboratorieanalys-Aktivitet.-id","Laboratorieanalys-Aktivitet._id","","","",0,1,"","","","http://example.org/fhir/xmi-to-fsh/StructureDefinition/II {[]} {[]}
","Source attribute: id; renamed from reserved FSH name 'id'","Source attribute: id; renamed from reserved FSH name 'id'","","","","","","","","","",,,,,"",,,,"Laboratorieanalys-Aktivitet._id",0,1,"",""
"Laboratorieanalys-Aktivitet","Laboratorieanalys-Aktivitet.status","Laboratorieanalys-Aktivitet.status","","","",1,1,"","","","http://example.org/fhir/xmi-to-fsh/StructureDefinition/CV {[]} {[]}
","Source attribute: status","Source attribute: status","","","","","","","","","",,,,,"",,,,"Laboratorieanalys-Aktivitet.status",1,1,"",""
"Laboratorieanalys-Aktivitet","Laboratorieanalys-Aktivitet.kod","Laboratorieanalys-Aktivitet.kod","","","",1,1,"","","","http://example.org/fhir/xmi-to-fsh/StructureDefinition/CV-CWE {[]} {[]}
","Source attribute: kod","Source attribute: kod","","","","","","","","","",,,,,"",,,,"Laboratorieanalys-Aktivitet.kod",1,1,"",""
"Laboratorieanalys-Aktivitet","Laboratorieanalys-Aktivitet.tid","Laboratorieanalys-Aktivitet.tid","","","",0,1,"","","","http://example.org/fhir/xmi-to-fsh/StructureDefinition/TS {[]} {[]}
","Source attribute: tid","Source attribute: tid","","","","","","","","","",,,,,"",,,,"Laboratorieanalys-Aktivitet.tid",0,1,"",""
"Laboratorieanalys-Aktivitet","Laboratorieanalys-Aktivitet.metod","Laboratorieanalys-Aktivitet.metod","","","",0,1,"","","","http://example.org/fhir/xmi-to-fsh/StructureDefinition/CV-CWE {[]} {[]}
","Source attribute: metod","Source attribute: metod","","","","","","","","","",,,,,"",,,,"Laboratorieanalys-Aktivitet.metod",0,1,"",""
"Laboratorieanalys-Aktivitet","Laboratorieanalys-Aktivitet.kommentar","Laboratorieanalys-Aktivitet.kommentar","","","",0,1,"","","","http://example.org/fhir/xmi-to-fsh/StructureDefinition/ST {[]} {[]}
","Source attribute: kommentar","Source attribute: kommentar","","","","","","","","","",,,,,"",,,,"Laboratorieanalys-Aktivitet.kommentar",0,1,"",""
"Laboratorieanalys-Aktivitet","Laboratorieanalys-Aktivitet.ackrediteradMetod","Laboratorieanalys-Aktivitet.ackrediteradMetod","","","",0,1,"","","","http://example.org/fhir/xmi-to-fsh/StructureDefinition/BL {[]} {[]}
","Source attribute: ackrediterad metod","Source attribute: ackrediterad metod","","","","","","","","","",,,,,"",,,,"Laboratorieanalys-Aktivitet.ackrediteradMetod",0,1,"",""
"Laboratorieanalys-Aktivitet","Laboratorieanalys-Aktivitet.bestarAv","Laboratorieanalys-Aktivitet.bestarAv","","","",1,1,"","","","http://example.org/fhir/xmi-to-fsh/StructureDefinition/Analysgrupp {[]} {[]}
","Source attribute: består av","Source attribute: består av","","","","","","","","","",,,,,"",,,,"Laboratorieanalys-Aktivitet.bestarAv",1,1,"",""
"Laboratorieanalys-Aktivitet","Laboratorieanalys-Aktivitet.harAnvant","Laboratorieanalys-Aktivitet.harAnvant","","","",0,*,"","","","http://example.org/fhir/xmi-to-fsh/StructureDefinition/Analysutrustning-Resurs {[]} {[]}
","Source attribute: har använt","Source attribute: har använt","","","","","","","","","",,,,,"",,,,"Laboratorieanalys-Aktivitet.harAnvant",0,*,"",""
"Laboratorieanalys-Aktivitet","Laboratorieanalys-Aktivitet.harUtforande","Laboratorieanalys-Aktivitet.harUtforande","","","",0,1,"","","","http://example.org/fhir/xmi-to-fsh/StructureDefinition/Organisatorisk-enhet-Organisatorisk-enhet {[]} {[]}
","Source attribute: har utförande","Source attribute: har utförande","","","","","","","","","",,,,,"",,,,"Laboratorieanalys-Aktivitet.harUtforande",0,1,"",""
"Laboratorieanalys-Aktivitet","Laboratorieanalys-Aktivitet.harResultat","Laboratorieanalys-Aktivitet.harResultat","","","",0,*,"","","","http://example.org/fhir/xmi-to-fsh/StructureDefinition/Laboratorieanalysresultat-Observation {[]} {[]}
","Source attribute: har resultat","Source attribute: har resultat","","","","","","","","","",,,,,"",,,,"Laboratorieanalys-Aktivitet.harResultat",0,*,"",""
"Laboratorieanalys-Aktivitet","Laboratorieanalys-Aktivitet.avser","Laboratorieanalys-Aktivitet.avser","","","",0,*,"","","","http://example.org/fhir/xmi-to-fsh/StructureDefinition/Prov-Resurs {[]} {[]}
","Source attribute: avser","Source attribute: avser","","","","","","","","","",,,,,"",,,,"Laboratorieanalys-Aktivitet.avser",0,*,"",""
"Laboratorieanalys-Aktivitet","Laboratorieanalys-Aktivitet.foranlederFordjupad","Laboratorieanalys-Aktivitet.foranlederFordjupad","","","",1,1,"","","","http://example.org/fhir/xmi-to-fsh/StructureDefinition/Laboratorieanalysresultat-Observation {[]} {[]}
","Source attribute: föranleder fördjupad","Source attribute: föranleder fördjupad","","","","","","","","","",,,,,"",,,,"Laboratorieanalys-Aktivitet.foranlederFordjupad",1,1,"",""
"Laboratorieanalysresultat-Observation","Laboratorieanalysresultat-Observation","Laboratorieanalysresultat-Observation","","","",0,*,"","","","null {[]} {[]}
","Laboratorieanalysresultat : Observation","Supporting logical model generated from gloo4.xmi (source class: Laboratorieanalysresultat : Observation).","","","","","","","","","",,,,,"",,,,"Base",0,*,"",""
"Laboratorieanalysresultat-Observation","Laboratorieanalysresultat-Observation.typ","Laboratorieanalysresultat-Observation.typ","","","",0,1,"","","","http://example.org/fhir/xmi-to-fsh/StructureDefinition/CV {[]} {[]}
","Source attribute: typ","Source attribute: typ","","","","","","","","","",,,,,"",,,,"Laboratorieanalysresultat-Observation.typ",0,1,"",""
"Laboratorieanalysresultat-Observation","Laboratorieanalysresultat-Observation.varde","Laboratorieanalysresultat-Observation.varde","","","",1,1,"","","","string {[]} {[]}
","Source attribute: värde","Source attribute: värde","","","","","","","","","",,,,,"",,,,"Laboratorieanalysresultat-Observation.varde",1,1,"",""
"Laboratorieanalysresultat-Observation","Laboratorieanalysresultat-Observation.kommentar","Laboratorieanalysresultat-Observation.kommentar","","","",0,1,"","","","http://example.org/fhir/xmi-to-fsh/StructureDefinition/ST {[]} {[]}
","Source attribute: kommentar","Source attribute: kommentar","","","","","","","","","",,,,,"",,,,"Laboratorieanalysresultat-Observation.kommentar",0,1,"",""
"Laboratorieanalysresultat-Observation","Laboratorieanalysresultat-Observation.tolkning","Laboratorieanalysresultat-Observation.tolkning","","","",0,*,"","","","http://example.org/fhir/xmi-to-fsh/StructureDefinition/CV {[]} {[]}
","Source attribute: tolkning","Source attribute: tolkning","","","","","","","","","",,,,,"",,,,"Laboratorieanalysresultat-Observation.tolkning",0,*,"",""
"Laboratorieanalysresultat-Observation","Laboratorieanalysresultat-Observation.negation","Laboratorieanalysresultat-Observation.negation","","","",1,1,"","","","http://example.org/fhir/xmi-to-fsh/StructureDefinition/BL {[]} {[]}
","Source attribute: negation","Source attribute: negation","","","","","","","","","",,,,,"",,,,"Laboratorieanalysresultat-Observation.negation",1,1,"",""
"Laboratorieanalysresultat-Observation","Laboratorieanalysresultat-Observation.harResultat","Laboratorieanalysresultat-Observation.harResultat","","","",1,1,"","","","http://example.org/fhir/xmi-to-fsh/StructureDefinition/Laboratorieanalys-Aktivitet {[]} {[]}
","Source attribute: har resultat","Source attribute: har resultat","","","","","","","","","",,,,,"",,,,"Laboratorieanalysresultat-Observation.harResultat",1,1,"",""
"Laboratorieanalysresultat-Observation","Laboratorieanalysresultat-Observation.foranlederFordjupad","Laboratorieanalysresultat-Observation.foranlederFordjupad","","","",0,*,"","","","http://example.org/fhir/xmi-to-fsh/StructureDefinition/Laboratorieanalys-Aktivitet {[]} {[]}
","Source attribute: föranleder fördjupad","Source attribute: föranleder fördjupad","","","","","","","","","",,,,,"",,,,"Laboratorieanalysresultat-Observation.foranlederFordjupad",0,*,"",""
"Laboratorieanalysresultat-Observation","Laboratorieanalysresultat-Observation.jamforsMed","Laboratorieanalysresultat-Observation.jamforsMed","","","",0,1,"","","","http://example.org/fhir/xmi-to-fsh/StructureDefinition/Referens {[]} {[]}
","Source attribute: jämförs med","Source attribute: jämförs med","","","","","","","","","",,,,,"",,,,"Laboratorieanalysresultat-Observation.jamforsMed",0,1,"",""
"Laboratorieanalysresultat-Observation","Laboratorieanalysresultat-Observation.harMottagares","Laboratorieanalysresultat-Observation.harMottagares","","","",0,1,"","","","http://example.org/fhir/xmi-to-fsh/StructureDefinition/Signering-Deltagande {[]} {[]}
","Source attribute: har mottagares","Source attribute: har mottagares","","","","","","","","","",,,,,"",,,,"Laboratorieanalysresultat-Observation.harMottagares",0,1,"",""
"Laboratorieanalysresultat-Observation","Laboratorieanalysresultat-Observation.harUtforares","Laboratorieanalysresultat-Observation.harUtforares","","","",0,1,"","","","http://example.org/fhir/xmi-to-fsh/StructureDefinition/Signering-Deltagande {[]} {[]}
","Source attribute: har utförares","Source attribute: har utförares","","","","","","","","","",,,,,"",,,,"Laboratorieanalysresultat-Observation.harUtforares",0,1,"",""
"Laboratorieanalysresultat-Observerat-halsotillstand","Laboratorieanalysresultat-Observerat-halsotillstand","Laboratorieanalysresultat-Observerat-halsotillstand","","","",0,*,"","","","null {[]} {[]}
","Laboratorieanalysresultat : Observerat hälsotillstånd","Supporting logical model generated from gloo4.xmi (source class: Laboratorieanalysresultat : Observerat hälsotillstånd).","","","","","","","","","",,,,,"",,,,"Base",0,*,"",""
"Laboratorieanalysresultat-Observerat-halsotillstand","Laboratorieanalysresultat-Observerat-halsotillstand.gallerFor","Laboratorieanalysresultat-Observerat-halsotillstand.gallerFor","","","",0,1,"","","","http://example.org/fhir/xmi-to-fsh/StructureDefinition/Referensintervall {[]} {[]}
","Source attribute: gäller för","Source attribute: gäller för","","","","","","","","","",,,,,"",,,,"Laboratorieanalysresultat-Observerat-halsotillstand.gallerFor",0,1,"",""
"Laboratorieanalysresultat-Observerat-halsotillstand","Laboratorieanalysresultat-Observerat-halsotillstand.gorsAv","Laboratorieanalysresultat-Observerat-halsotillstand.gorsAv","","","",0,1,"","","","http://example.org/fhir/xmi-to-fsh/StructureDefinition/Signering-Deltagande-2 {[]} {[]}
","Source attribute: görs av","Source attribute: görs av","","","","","","","","","",,,,,"",,,,"Laboratorieanalysresultat-Observerat-halsotillstand.gorsAv",0,1,"",""
"Laboratorieanalysresultat-Observerat-halsotillstand","Laboratorieanalysresultat-Observerat-halsotillstand.arResultatAv","Laboratorieanalysresultat-Observerat-halsotillstand.arResultatAv","","","",0,1,"","","","http://example.org/fhir/xmi-to-fsh/StructureDefinition/Laboratorieanalys-Aktivitet-inom-halso--och-sjukvard {[]} {[]}
","Source attribute: är resultat av","Source attribute: är resultat av","","","","","","","","","",,,,,"",,,,"Laboratorieanalysresultat-Observerat-halsotillstand.arResultatAv",0,1,"",""
"Laboratorieanalysresultat-Observerat-halsotillstand","Laboratorieanalysresultat-Observerat-halsotillstand.kanVaraFyndAv","Laboratorieanalysresultat-Observerat-halsotillstand.kanVaraFyndAv","","","",0,1,"","","","http://example.org/fhir/xmi-to-fsh/StructureDefinition/Mikroorganism {[]} {[]}
","Source attribute: kan vara fynd av","Source attribute: kan vara fynd av","","","","","","","","","",,,,,"",,,,"Laboratorieanalysresultat-Observerat-halsotillstand.kanVaraFyndAv",0,1,"",""
"Laboratorieanalysresultat-Observerat-halsotillstand","Laboratorieanalysresultat-Observerat-halsotillstand.innehaller","Laboratorieanalysresultat-Observerat-halsotillstand.innehaller","","","",0,1,"","","","http://example.org/fhir/xmi-to-fsh/StructureDefinition/Laboratoriesvar-Dokument-inom-halso--och-sjukvard {[]} {[]}
","Source attribute: innehåller","Source attribute: innehåller","","","","","","","","","",,,,,"",,,,"Laboratorieanalysresultat-Observerat-halsotillstand.innehaller",0,1,"",""
"Laboratorieanalysresultat-Observerat-halsotillstand","Laboratorieanalysresultat-Observerat-halsotillstand.gallerFor2","Laboratorieanalysresultat-Observerat-halsotillstand.gallerFor2","","","",0,1,"","","","http://example.org/fhir/xmi-to-fsh/StructureDefinition/Referensvarde {[]} {[]}
","Source attribute: gäller för","Source attribute: gäller för","","","","","","","","","",,,,,"",,,,"Laboratorieanalysresultat-Observerat-halsotillstand.gallerFor2",0,1,"",""
"Laboratoriedisciplin","Laboratoriedisciplin","Laboratoriedisciplin","","","",0,*,"","","","null {[]} {[]}
","Laboratoriedisciplin","Supporting logical model generated from gloo4.xmi (source class: Laboratoriedisciplin).","","","","","","","","","",,,,,"",,,,"Base",0,*,"",""
"Laboratoriedisciplin","Laboratoriedisciplin.utforsInomEn","Laboratoriedisciplin.utforsInomEn","","","",0,1,"","","","http://example.org/fhir/xmi-to-fsh/StructureDefinition/Laboratorieanalys-Aktivitet-inom-halso--och-sjukvard {[]} {[]}
","Source attribute: utförs inom en","Source attribute: utförs inom en","","","","","","","","","",,,,,"",,,,"Laboratoriedisciplin.utforsInomEn",0,1,"",""
"Laboratoriesvar-Dokument-inom-halso--och-sjukvard","Laboratoriesvar-Dokument-inom-halso--och-sjukvard","Laboratoriesvar-Dokument-inom-halso--och-sjukvard","","","",0,*,"","","","null {[]} {[]}
","Laboratoriesvar : Dokument (inom hälso- och sjukvård)","Supporting logical model generated from gloo4.xmi (source class: Laboratoriesvar : Dokument (inom hälso- och sjukvård)).","","","","","","","","","",,,,,"",,,,"Base",0,*,"",""
"Laboratoriesvar-Dokument-inom-halso--och-sjukvard","Laboratoriesvar-Dokument-inom-halso--och-sjukvard.ansvararFor","Laboratoriesvar-Dokument-inom-halso--och-sjukvard.ansvararFor","","","",0,1,"","","","http://example.org/fhir/xmi-to-fsh/StructureDefinition/Ansvarig-enhet-Organisation-inom-halso--och-sjukvard {[]} {[]}
","Source attribute: ansvarar för","Source attribute: ansvarar för","","","","","","","","","",,,,,"",,,,"Laboratoriesvar-Dokument-inom-halso--och-sjukvard.ansvararFor",0,1,"",""
"Laboratoriesvar-Dokument-inom-halso--och-sjukvard","Laboratoriesvar-Dokument-inom-halso--och-sjukvard.skriver","Laboratoriesvar-Dokument-inom-halso--och-sjukvard.skriver","","","",0,1,"","","","http://example.org/fhir/xmi-to-fsh/StructureDefinition/Utforande-enhet-Organisation-inom-halso--och-sjukvard {[]} {[]}
","Source attribute: skriver","Source attribute: skriver","","","","","","","","","",,,,,"",,,,"Laboratoriesvar-Dokument-inom-halso--och-sjukvard.skriver",0,1,"",""
"Laboratoriesvar-Dokument-inom-halso--och-sjukvard","Laboratoriesvar-Dokument-inom-halso--och-sjukvard.arEtt","Laboratoriesvar-Dokument-inom-halso--och-sjukvard.arEtt","","","",0,1,"","","","http://example.org/fhir/xmi-to-fsh/StructureDefinition/Remissvar-Dokument-inom-halso--och-sjukvard {[]} {[]}
","Source attribute: är ett","Source attribute: är ett","","","","","","","","","",,,,,"",,,,"Laboratoriesvar-Dokument-inom-halso--och-sjukvard.arEtt",0,1,"",""
"Laboratoriesvar-Dokument-inom-halso--och-sjukvard","Laboratoriesvar-Dokument-inom-halso--och-sjukvard.innehaller","Laboratoriesvar-Dokument-inom-halso--och-sjukvard.innehaller","","","",0,1,"","","","http://example.org/fhir/xmi-to-fsh/StructureDefinition/Laboratorieanalysresultat-Observerat-halsotillstand {[]} {[]}
","Source attribute: innehåller","Source attribute: innehåller","","","","","","","","","",,,,,"",,,,"Laboratoriesvar-Dokument-inom-halso--och-sjukvard.innehaller",0,1,"",""
"Laboratoriesvar-Dokument","Laboratoriesvar-Dokument","Laboratoriesvar-Dokument","","","",0,*,"","","","null {[]} {[]}
","Laboratoriesvar : Dokument","Supporting logical model generated from gloo4.xmi (source class: Laboratoriesvar : Dokument).","","","","","","","","","",,,,,"",,,,"Base",0,*,"",""
"Laboratoriesvar-Dokument","Laboratoriesvar-Dokument.-id","Laboratoriesvar-Dokument._id","","","",1,1,"","","","http://example.org/fhir/xmi-to-fsh/StructureDefinition/II {[]} {[]}
","Source attribute: id; renamed from reserved FSH name 'id'","Source attribute: id; renamed from reserved FSH name 'id'","","","","","","","","","",,,,,"",,,,"Laboratoriesvar-Dokument._id",1,1,"",""
"Laboratoriesvar-Dokument","Laboratoriesvar-Dokument.laboratorieId","Laboratoriesvar-Dokument.laboratorieId","","","",0,1,"","","","http://example.org/fhir/xmi-to-fsh/StructureDefinition/II {[]} {[]}
","Source attribute: laboratorie-id","Source attribute: laboratorie-id","","","","","","","","","",,,,,"",,,,"Laboratoriesvar-Dokument.laboratorieId",0,1,"",""
"Laboratoriesvar-Dokument","Laboratoriesvar-Dokument.typ","Laboratoriesvar-Dokument.typ","","","",1,1,"","","","http://example.org/fhir/xmi-to-fsh/StructureDefinition/CV {[]} {[]}
","Source attribute: typ","Source attribute: typ","","","","","","","","","",,,,,"",,,,"Laboratoriesvar-Dokument.typ",1,1,"",""
"Laboratoriesvar-Dokument","Laboratoriesvar-Dokument.text","Laboratoriesvar-Dokument.text","","","",0,1,"","","","http://example.org/fhir/xmi-to-fsh/StructureDefinition/ST {[]} {[]}
","Source attribute: text","Source attribute: text","","","","","","","","","",,,,,"",,,,"Laboratoriesvar-Dokument.text",0,1,"",""
"Laboratoriesvar-Dokument","Laboratoriesvar-Dokument.svarstidpunkt","Laboratoriesvar-Dokument.svarstidpunkt","","","",1,1,"","","","http://example.org/fhir/xmi-to-fsh/StructureDefinition/TS {[]} {[]}
","Source attribute: svarstidpunkt","Source attribute: svarstidpunkt","","","","","","","","","",,,,,"",,,,"Laboratoriesvar-Dokument.svarstidpunkt",1,1,"",""
"Laboratoriesvar-Dokument","Laboratoriesvar-Dokument.arAnsvarigForInnehalletI","Laboratoriesvar-Dokument.arAnsvarigForInnehalletI","","","",1,1,"","","","http://example.org/fhir/xmi-to-fsh/StructureDefinition/Organisatorisk-enhet-Organisatorisk-enhet {[]} {[]}
","Source attribute: är ansvarig för innehållet i","Source attribute: är ansvarig för innehållet i","","","","","","","","","",,,,,"",,,,"Laboratoriesvar-Dokument.arAnsvarigForInnehalletI",1,1,"",""
"Laboratoriesvar-Dokument","Laboratoriesvar-Dokument.harSvarsmottagande","Laboratoriesvar-Dokument.harSvarsmottagande","","","",1,1,"","","","http://example.org/fhir/xmi-to-fsh/StructureDefinition/Organisatorisk-enhet-Organisatorisk-enhet {[]} {[]}
","Source attribute: har svarsmottagande","Source attribute: har svarsmottagande","","","","","","","","","",,,,,"",,,,"Laboratoriesvar-Dokument.harSvarsmottagande",1,1,"",""
"Laboratoriesvar-Dokument","Laboratoriesvar-Dokument.bestarAv","Laboratoriesvar-Dokument.bestarAv","","","",0,*,"","","","http://example.org/fhir/xmi-to-fsh/StructureDefinition/Analysgrupp {[]} {[]}
","Source attribute: består av","Source attribute: består av","","","","","","","","","",,,,,"",,,,"Laboratoriesvar-Dokument.bestarAv",0,*,"",""
"Laboratoriesvar-Dokument","Laboratoriesvar-Dokument.avser","Laboratoriesvar-Dokument.avser","","","",1,1,"","","","http://example.org/fhir/xmi-to-fsh/StructureDefinition/Patient-Patient {[]} {[]}
","Source attribute: avser","Source attribute: avser","","","","","","","","","",,,,,"",,,,"Laboratoriesvar-Dokument.avser",1,1,"",""
"Laboratoriesvar-Dokument","Laboratoriesvar-Dokument.harMottgares","Laboratoriesvar-Dokument.harMottgares","","","",0,1,"","","","http://example.org/fhir/xmi-to-fsh/StructureDefinition/Signering-Deltagande {[]} {[]}
","Source attribute: har mottgares","Source attribute: har mottgares","","","","","","","","","",,,,,"",,,,"Laboratoriesvar-Dokument.harMottgares",0,1,"",""
"Laboratoriesvar-Dokument","Laboratoriesvar-Dokument.harAnsvarigs","Laboratoriesvar-Dokument.harAnsvarigs","","","",0,*,"","","","http://example.org/fhir/xmi-to-fsh/StructureDefinition/Signering-Deltagande {[]} {[]}
","Source attribute: har ansvarigs","Source attribute: har ansvarigs","","","","","","","","","",,,,,"",,,,"Laboratoriesvar-Dokument.harAnsvarigs",0,*,"",""
"Laboratoriesvar-Dokument","Laboratoriesvar-Dokument.innehaller","Laboratoriesvar-Dokument.innehaller","","","",0,1,"","","","http://example.org/fhir/xmi-to-fsh/StructureDefinition/Kontaktinformation {[]} {[]}
","Source attribute: innehåller","Source attribute: innehåller","","","","","","","","","",,,,,"",,,,"Laboratoriesvar-Dokument.innehaller",0,1,"",""
"Laboratoriesvar-Dokument","Laboratoriesvar-Dokument.harMedicinsktAnsvarig","Laboratoriesvar-Dokument.harMedicinsktAnsvarig","","","",1,1,"","","","http://example.org/fhir/xmi-to-fsh/StructureDefinition/Halso--och-sjukvardspersonal-Halso--och-sjukvardsperson {[]} {[]}
","Source attribute: har medicinskt ansvarig","Source attribute: har medicinskt ansvarig","","","","","","","","","",,,,,"",,,,"Laboratoriesvar-Dokument.harMedicinsktAnsvarig",1,1,"",""
"Laboratoriesvar-Dokument","Laboratoriesvar-Dokument.besvarar","Laboratoriesvar-Dokument.besvarar","","","",0,1,"","","","http://example.org/fhir/xmi-to-fsh/StructureDefinition/Remiss-Dokument {[]} {[]}
","Source attribute: besvarar","Source attribute: besvarar","","","","","","","","","",,,,,"",,,,"Laboratoriesvar-Dokument.besvarar",0,1,"",""
"Malpopulation","Malpopulation","Malpopulation","","","",0,*,"","","","null {[]} {[]}
","Målpopulation","Supporting logical model generated from gloo4.xmi (source class: Målpopulation).","","","","","","","","","",,,,,"",,,,"Base",0,*,"",""
"Malpopulation","Malpopulation.jamforsMed","Malpopulation.jamforsMed","","","",0,1,"","","","http://example.org/fhir/xmi-to-fsh/StructureDefinition/Referenspopulation {[]} {[]}
","Source attribute: jämförs med","Source attribute: jämförs med","","","","","","","","","",,,,,"",,,,"Malpopulation.jamforsMed",0,1,"",""
"Malpopulation","Malpopulation.tillhor","Malpopulation.tillhor","","","",0,1,"","","","http://example.org/fhir/xmi-to-fsh/StructureDefinition/Patient-2 {[]} {[]}
","Source attribute: tillhör","Source attribute: tillhör","","","","","","","","","",,,,,"",,,,"Malpopulation.tillhor",0,1,"",""
"Mikroorganism","Mikroorganism","Mikroorganism","","","",0,*,"","","","null {[]} {[]}
","Mikroorganism","Supporting logical model generated from gloo4.xmi (source class: Mikroorganism).","","","","","","","","","",,,,,"",,,,"Base",0,*,"",""
"Mikroorganism","Mikroorganism.kanUtforasPa","Mikroorganism.kanUtforasPa","","","",0,1,"","","","http://example.org/fhir/xmi-to-fsh/StructureDefinition/Resistensbestamning-Aktivitet-inom-halso--och-sjukvard {[]} {[]}
","Source attribute: kan utföras på","Source attribute: kan utföras på","","","","","","","","","",,,,,"",,,,"Mikroorganism.kanUtforasPa",0,1,"",""
"Mikroorganism","Mikroorganism.kanVaraFyndAv","Mikroorganism.kanVaraFyndAv","","","",0,1,"","","","http://example.org/fhir/xmi-to-fsh/StructureDefinition/Laboratorieanalysresultat-Observerat-halsotillstand {[]} {[]}
","Source attribute: kan vara fynd av","Source attribute: kan vara fynd av","","","","","","","","","",,,,,"",,,,"Mikroorganism.kanVaraFyndAv",0,1,"",""
"NPU","NPU","NPU","","","",0,*,"","","","","NPU","Supporting logical model generated from gloo4.xmi (source class: NPU).","","","","","","","","","",,,,,"",,,,"Base",0,*,"",""
"Organisatorisk-enhet-Organisation-inom-halso--och-sjukv","Organisatorisk-enhet-Organisation-inom-halso--och-sjukv","Organisatorisk-enhet-Organisation-inom-halso--och-sjukv","","","",0,*,"","","","null {[]} {[]}
","Organisatorisk enhet : Organisation (inom hälso- och sjukvård)","Supporting logical model generated from gloo4.xmi (source class: Organisatorisk enhet : Organisation (inom hälso- och sjukvård)).","","","","","","","","","",,,,,"",,,,"Base",0,*,"",""
"Organisatorisk-enhet-Organisation-inom-halso--och-sjukv","Organisatorisk-enhet-Organisation-inom-halso--och-sjukv.arEn","Organisatorisk-enhet-Organisation-inom-halso--och-sjukv.arEn","","","",0,1,"","","","http://example.org/fhir/xmi-to-fsh/StructureDefinition/Remissvarsmottagande-enhet-Organisation-inom-halso--och {[]} {[]}
","Source attribute: är en","Source attribute: är en","","","","","","","","","",,,,,"",,,,"Organisatorisk-enhet-Organisation-inom-halso--och-sjukv.arEn",0,1,"",""
"Organisatorisk-enhet-Organisation-inom-halso--och-sjukv","Organisatorisk-enhet-Organisation-inom-halso--och-sjukv.arEn2","Organisatorisk-enhet-Organisation-inom-halso--och-sjukv.arEn2","","","",0,1,"","","","http://example.org/fhir/xmi-to-fsh/StructureDefinition/Kopiemottagande-enhet {[]} {[]}
","Source attribute: är en","Source attribute: är en","","","","","","","","","",,,,,"",,,,"Organisatorisk-enhet-Organisation-inom-halso--och-sjukv.arEn2",0,1,"",""
"Organisatorisk-enhet-Organisation-inom-halso--och-sjukv","Organisatorisk-enhet-Organisation-inom-halso--och-sjukv.arEn3","Organisatorisk-enhet-Organisation-inom-halso--och-sjukv.arEn3","","","",0,1,"","","","http://example.org/fhir/xmi-to-fsh/StructureDefinition/Ansvarig-enhet-Organisation-inom-halso--och-sjukvard {[]} {[]}
","Source attribute: är en","Source attribute: är en","","","","","","","","","",,,,,"",,,,"Organisatorisk-enhet-Organisation-inom-halso--och-sjukv.arEn3",0,1,"",""
"Organisatorisk-enhet-Organisation-inom-halso--och-sjukv","Organisatorisk-enhet-Organisation-inom-halso--och-sjukv.arEn4","Organisatorisk-enhet-Organisation-inom-halso--och-sjukv.arEn4","","","",0,1,"","","","http://example.org/fhir/xmi-to-fsh/StructureDefinition/Utforande-enhet-Organisation-inom-halso--och-sjukvard {[]} {[]}
","Source attribute: är en","Source attribute: är en","","","","","","","","","",,,,,"",,,,"Organisatorisk-enhet-Organisation-inom-halso--och-sjukv.arEn4",0,1,"",""
"Organisatorisk-enhet-Organisation-inom-halso--och-sjukv","Organisatorisk-enhet-Organisation-inom-halso--och-sjukv.arEn5","Organisatorisk-enhet-Organisation-inom-halso--och-sjukv.arEn5","","","",0,1,"","","","http://example.org/fhir/xmi-to-fsh/StructureDefinition/Remissmottagande-enhet-Organisation-inom-halso--och-sju {[]} {[]}
","Source attribute: är en","Source attribute: är en","","","","","","","","","",,,,,"",,,,"Organisatorisk-enhet-Organisation-inom-halso--och-sjukv.arEn5",0,1,"",""
"Organisatorisk-enhet-Organisation-inom-halso--och-sjukv","Organisatorisk-enhet-Organisation-inom-halso--och-sjukv.arEn6","Organisatorisk-enhet-Organisation-inom-halso--och-sjukv.arEn6","","","",0,1,"","","","http://example.org/fhir/xmi-to-fsh/StructureDefinition/Remitterande-enhet-Organisation-inom-halso--och-sjukvar {[]} {[]}
","Source attribute: är en","Source attribute: är en","","","","","","","","","",,,,,"",,,,"Organisatorisk-enhet-Organisation-inom-halso--och-sjukv.arEn6",0,1,"",""
"Organisatorisk-enhet-Organisatorisk-enhet","Organisatorisk-enhet-Organisatorisk-enhet","Organisatorisk-enhet-Organisatorisk-enhet","","","",0,*,"","","","null {[]} {[]}
","Organisatorisk enhet : Organisatorisk enhet","Supporting logical model generated from gloo4.xmi (source class: Organisatorisk enhet : Organisatorisk enhet).","","","","","","","","","",,,,,"",,,,"Base",0,*,"",""
"Organisatorisk-enhet-Organisatorisk-enhet","Organisatorisk-enhet-Organisatorisk-enhet.-id","Organisatorisk-enhet-Organisatorisk-enhet._id","","","",1,1,"","","","http://example.org/fhir/xmi-to-fsh/StructureDefinition/II {[]} {[]}
","Source attribute: id; renamed from reserved FSH name 'id'","Source attribute: id; renamed from reserved FSH name 'id'","","","","","","","","","",,,,,"",,,,"Organisatorisk-enhet-Organisatorisk-enhet._id",1,1,"",""
"Organisatorisk-enhet-Organisatorisk-enhet","Organisatorisk-enhet-Organisatorisk-enhet.namn","Organisatorisk-enhet-Organisatorisk-enhet.namn","","","",0,1,"","","","http://example.org/fhir/xmi-to-fsh/StructureDefinition/ST {[]} {[]}
","Source attribute: namn","Source attribute: namn","","","","","","","","","",,,,,"",,,,"Organisatorisk-enhet-Organisatorisk-enhet.namn",0,1,"",""
"Organisatorisk-enhet-Organisatorisk-enhet","Organisatorisk-enhet-Organisatorisk-enhet.typAvVerksamhet","Organisatorisk-enhet-Organisatorisk-enhet.typAvVerksamhet","","","",0,*,"","","","http://example.org/fhir/xmi-to-fsh/StructureDefinition/CV {[]} {[]}
","Source attribute: typ av verksamhet","Source attribute: typ av verksamhet","","","","","","","","","",,,,,"",,,,"Organisatorisk-enhet-Organisatorisk-enhet.typAvVerksamhet",0,*,"",""
"Organisatorisk-enhet-Organisatorisk-enhet","Organisatorisk-enhet-Organisatorisk-enhet.arAnsvarigForInnehalletI","Organisatorisk-enhet-Organisatorisk-enhet.arAnsvarigForInnehalletI","","","",0,*,"","","","http://example.org/fhir/xmi-to-fsh/StructureDefinition/Laboratoriesvar-Dokument {[]} {[]}
","Source attribute: är ansvarig för innehållet i","Source attribute: är ansvarig för innehållet i","","","","","","","","","",,,,,"",,,,"Organisatorisk-enhet-Organisatorisk-enhet.arAnsvarigForInnehalletI",0,*,"",""
"Organisatorisk-enhet-Organisatorisk-enhet","Organisatorisk-enhet-Organisatorisk-enhet.harSvarsmottagande","Organisatorisk-enhet-Organisatorisk-enhet.harSvarsmottagande","","","",0,*,"","","","http://example.org/fhir/xmi-to-fsh/StructureDefinition/Laboratoriesvar-Dokument {[]} {[]}
","Source attribute: har svarsmottagande","Source attribute: har svarsmottagande","","","","","","","","","",,,,,"",,,,"Organisatorisk-enhet-Organisatorisk-enhet.harSvarsmottagande",0,*,"",""
"Organisatorisk-enhet-Organisatorisk-enhet","Organisatorisk-enhet-Organisatorisk-enhet.harUtforande","Organisatorisk-enhet-Organisatorisk-enhet.harUtforande","","","",0,*,"","","","http://example.org/fhir/xmi-to-fsh/StructureDefinition/Laboratorieanalys-Aktivitet {[]} {[]}
","Source attribute: har utförande","Source attribute: har utförande","","","","","","","","","",,,,,"",,,,"Organisatorisk-enhet-Organisatorisk-enhet.harUtforande",0,*,"",""
"Organisatorisk-enhet-Organisatorisk-enhet","Organisatorisk-enhet-Organisatorisk-enhet.harUppdragFor","Organisatorisk-enhet-Organisatorisk-enhet.harUppdragFor","","","",0,*,"","","","http://example.org/fhir/xmi-to-fsh/StructureDefinition/Halso--och-sjukvardspersonal-Halso--och-sjukvardsperson {[]} {[]}
","Source attribute: har uppdrag för","Source attribute: har uppdrag för","","","","","","","","","",,,,,"",,,,"Organisatorisk-enhet-Organisatorisk-enhet.harUppdragFor",0,*,"",""
"Origin","Origin","Origin","","","",0,*,"","","","null {[]} {[]}
","Origin","Supporting logical model generated from gloo4.xmi (source class: Origin).","","","","","","","","","",,,,,"",,,,"Base",0,*,"",""
"Origin","Origin.timeStamp","Origin.timeStamp","","","",0,1,"","","","string {[]} {[]}
","Source attribute: timeStamp","Source attribute: timeStamp","","","","","","","","","",,,,,"",,,,"Origin.timeStamp",0,1,"",""
"Origin","Origin.byRole","Origin.byRole","","","",0,1,"","","","string {[]} {[]}
","Source attribute: byRole","Source attribute: byRole","","","","","","","","","",,,,,"",,,,"Origin.byRole",0,1,"",""
"PQ","PQ","PQ","","","",0,*,"","","","","PQ","Supporting logical model generated from gloo4.xmi (source class: PQ).","","","","","","","","","",,,,,"",,,,"Base",0,*,"",""
"Patient-2","Patient-2","Patient-2","","","",0,*,"","","","null {[]} {[]}
",": Patient","Supporting logical model generated from gloo4.xmi (source class: : Patient).","","","","","","","","","",,,,,"",,,,"Base",0,*,"",""
"Patient-2","Patient-2.tillhor","Patient-2.tillhor","","","",0,1,"","","","http://example.org/fhir/xmi-to-fsh/StructureDefinition/Malpopulation {[]} {[]}
","Source attribute: tillhör","Source attribute: tillhör","","","","","","","","","",,,,,"",,,,"Patient-2.tillhor",0,1,"",""
"Patient-2","Patient-2.avser","Patient-2.avser","","","",0,1,"","","","http://example.org/fhir/xmi-to-fsh/StructureDefinition/Remiss-Dokument-inom-halso--och-sjukvard {[]} {[]}
","Source attribute: avser","Source attribute: avser","","","","","","","","","",,,,,"",,,,"Patient-2.avser",0,1,"",""
"Patient-Patient","Patient-Patient","Patient-Patient","","","",0,*,"","","","null {[]} {[]}
","Patient : Patient","Supporting logical model generated from gloo4.xmi (source class: Patient : Patient).","","","","","","","","","",,,,,"",,,,"Base",0,*,"",""
"Patient-Patient","Patient-Patient.-id","Patient-Patient._id","","","",0,1,"","","","http://example.org/fhir/xmi-to-fsh/StructureDefinition/II {[]} {[]}
","Source attribute: id; renamed from reserved FSH name 'id'","Source attribute: id; renamed from reserved FSH name 'id'","","","","","","","","","",,,,,"",,,,"Patient-Patient._id",0,1,"",""
"Patient-Patient","Patient-Patient.avser","Patient-Patient.avser","","","",0,*,"","","","http://example.org/fhir/xmi-to-fsh/StructureDefinition/Laboratoriesvar-Dokument {[]} {[]}
","Source attribute: avser","Source attribute: avser","","","","","","","","","",,,,,"",,,,"Patient-Patient.avser",0,*,"",""
"Patient-Patient","Patient-Patient.antarRollen","Patient-Patient.antarRollen","","","",1,1,"","","","http://example.org/fhir/xmi-to-fsh/StructureDefinition/Person-Person {[]} {[]}
","Source attribute: antar rollen","Source attribute: antar rollen","","","","","","","","","",,,,,"",,,,"Patient-Patient.antarRollen",1,1,"",""
"Patient","Patient","Patient","","","",0,*,"","","","null {[]} {[]}
","Patient","Root logical model generated from Test1.xmi (source class: Patient).","","","","","","","","","",,,,,"",,,,"Base",0,*,"",""
"Patient","Patient.-id","Patient._id","","","",1,1,"","","","id {[]} {[]}
","Source attribute: id; renamed from reserved FSH name 'id'","Source attribute: id; renamed from reserved FSH name 'id'","","","","","","","","","",,,,,"",,,,"Patient._id",1,1,"",""
"Patient","Patient.namn","Patient.namn","","","",0,*,"","","","string {[]} {[]}
","Source attribute: namn","Source attribute: namn","","","","","","","","","",,,,,"",,,,"Patient.namn",0,*,"",""
"Patient","Patient.ansvarig","Patient.ansvarig","","","",0,*,"","","","http://example.org/fhir/xmi-to-fsh/StructureDefinition/Personal {[]} {[]}
","Source attribute: ansvarig","Source attribute: ansvarig","","","","","","","","","",,,,,"",,,,"Patient.ansvarig",0,*,"",""
"Person-Person","Person-Person","Person-Person","","","",0,*,"","","","null {[]} {[]}
","Person : Person","Supporting logical model generated from gloo4.xmi (source class: Person : Person).","","","","","","","","","",,,,,"",,,,"Base",0,*,"",""
"Person-Person","Person-Person.-id","Person-Person._id","","","",0,1,"","","","http://example.org/fhir/xmi-to-fsh/StructureDefinition/II {[]} {[]}
","Source attribute: id; renamed from reserved FSH name 'id'","Source attribute: id; renamed from reserved FSH name 'id'","","","","","","","","","",,,,,"",,,,"Person-Person._id",0,1,"",""
"Person-Person","Person-Person.namn","Person-Person.namn","","","",0,1,"","","","http://example.org/fhir/xmi-to-fsh/StructureDefinition/ST {[]} {[]}
","Source attribute: namn","Source attribute: namn","","","","","","","","","",,,,,"",,,,"Person-Person.namn",0,1,"",""
"Person-Person","Person-Person.fodelsetidpunkt","Person-Person.fodelsetidpunkt","","","",0,1,"","","","http://example.org/fhir/xmi-to-fsh/StructureDefinition/TS {[]} {[]}
","Source attribute: födelsetidpunkt","Source attribute: födelsetidpunkt","","","","","","","","","",,,,,"",,,,"Person-Person.fodelsetidpunkt",0,1,"",""
"Person-Person","Person-Person.kon","Person-Person.kon","","","",0,1,"","","","http://example.org/fhir/xmi-to-fsh/StructureDefinition/CV {[]} {[]}
","Source attribute: kön","Source attribute: kön","","","","","","","","","",,,,,"",,,,"Person-Person.kon",0,1,"",""
"Person-Person","Person-Person.antarRollen","Person-Person.antarRollen","","","",1,1,"","","","http://example.org/fhir/xmi-to-fsh/StructureDefinition/Patient-Patient {[]} {[]}
","Source attribute: antar rollen","Source attribute: antar rollen","","","","","","","","","",,,,,"",,,,"Person-Person.antarRollen",1,1,"",""
"Personal","Personal","Personal","","","",0,*,"","","","null {[]} {[]}
","Personal","Supporting logical model generated from Test1.xmi (source class: Personal).","","","","","","","","","",,,,,"",,,,"Base",0,*,"",""
"Personal","Personal.HSAId","Personal.HSAId","","","",1,1,"","","","id {[]} {[]}
","Source attribute: HSAId","Source attribute: HSAId","","","","","","","","","",,,,,"",,,,"Personal.HSAId",1,1,"",""
"Personal","Personal.namn","Personal.namn","","","",0,1,"","","","string {[]} {[]}
","Source attribute: namn","Source attribute: namn","","","","","","","","","",,,,,"",,,,"Personal.namn",0,1,"",""
"Personal","Personal.ansvarig","Personal.ansvarig","","","",0,*,"","","","http://example.org/fhir/xmi-to-fsh/StructureDefinition/Patient {[]} {[]}
","Source attribute: ansvarig","Source attribute: ansvarig","","","","","","","","","",,,,,"",,,,"Personal.ansvarig",0,*,"",""
"Preliminarsvar-Dokument-inom-halso--och-sjukvard","Preliminarsvar-Dokument-inom-halso--och-sjukvard","Preliminarsvar-Dokument-inom-halso--och-sjukvard","","","",0,*,"","","","null {[]} {[]}
","Preliminärsvar : Dokument (inom hälso- och sjukvård)","Supporting logical model generated from gloo4.xmi (source class: Preliminärsvar : Dokument (inom hälso- och sjukvård)).","","","","","","","","","",,,,,"",,,,"Base",0,*,"",""
"Preliminarsvar-Dokument-inom-halso--och-sjukvard","Preliminarsvar-Dokument-inom-halso--och-sjukvard.arEtt","Preliminarsvar-Dokument-inom-halso--och-sjukvard.arEtt","","","",0,1,"","","","http://example.org/fhir/xmi-to-fsh/StructureDefinition/Delsvar-Dokument-inom-halso--och-sjukvard {[]} {[]}
","Source attribute: är ett","Source attribute: är ett","","","","","","","","","",,,,,"",,,,"Preliminarsvar-Dokument-inom-halso--och-sjukvard.arEtt",0,1,"",""
"Presentationsformat","Presentationsformat","Presentationsformat","","","",0,*,"","","","null {[]} {[]}
","Presentationsformat","Supporting logical model generated from gloo4.xmi (source class: Presentationsformat).","","","","","","","","","",,,,,"",,,,"Base",0,*,"",""
"Presentationsformat","Presentationsformat.harVisst","Presentationsformat.harVisst","","","",0,1,"","","","http://example.org/fhir/xmi-to-fsh/StructureDefinition/Remissvar-Dokument-inom-halso--och-sjukvard {[]} {[]}
","Source attribute: har visst","Source attribute: har visst","","","","","","","","","",,,,,"",,,,"Presentationsformat.harVisst",0,1,"",""
"Prov-Resurs-inom-halso--och-sjukvard","Prov-Resurs-inom-halso--och-sjukvard","Prov-Resurs-inom-halso--och-sjukvard","","","",0,*,"","","","null {[]} {[]}
","Prov : Resurs (inom hälso- och sjukvård)","Supporting logical model generated from gloo4.xmi (source class: Prov : Resurs (inom hälso- och sjukvård)).","","","","","","","","","",,,,,"",,,,"Base",0,*,"",""
"Prov-Resurs-inom-halso--och-sjukvard","Prov-Resurs-inom-halso--och-sjukvard.grupperarAnalyserSomUtfortsPaSamma","Prov-Resurs-inom-halso--och-sjukvard.grupperarAnalyserSomUtfortsPaSamma","","","",0,1,"","","","http://example.org/fhir/xmi-to-fsh/StructureDefinition/Analysgrupp-svarsgrupp {[]} {[]}
","Source attribute: grupperar analyser som utförts på samma","Source attribute: grupperar analyser som utförts på samma","","","","","","","","","",,,,,"",,,,"Prov-Resurs-inom-halso--och-sjukvard.grupperarAnalyserSomUtfortsPaSamma",0,1,"",""
"Prov-Resurs-inom-halso--och-sjukvard","Prov-Resurs-inom-halso--och-sjukvard.Identifierar","Prov-Resurs-inom-halso--och-sjukvard.Identifierar","","","",0,1,"","","","http://example.org/fhir/xmi-to-fsh/StructureDefinition/Prov-id {[]} {[]}
","Source attribute: Identifierar","Source attribute: Identifierar","","","","","","","","","",,,,,"",,,,"Prov-Resurs-inom-halso--och-sjukvard.Identifierar",0,1,"",""
"Prov-Resurs-inom-halso--och-sjukvard","Prov-Resurs-inom-halso--och-sjukvard.bestarAvVisst","Prov-Resurs-inom-halso--och-sjukvard.bestarAvVisst","","","",0,1,"","","","http://example.org/fhir/xmi-to-fsh/StructureDefinition/Provmaterial {[]} {[]}
","Source attribute: består av visst","Source attribute: består av visst","","","","","","","","","",,,,,"",,,,"Prov-Resurs-inom-halso--och-sjukvard.bestarAvVisst",0,1,"",""
"Prov-Resurs-inom-halso--och-sjukvard","Prov-Resurs-inom-halso--och-sjukvard.utforsPa","Prov-Resurs-inom-halso--och-sjukvard.utforsPa","","","",0,1,"","","","http://example.org/fhir/xmi-to-fsh/StructureDefinition/Laboratorieanalys-Aktivitet-inom-halso--och-sjukvard {[]} {[]}
","Source attribute: utförs på","Source attribute: utförs på","","","","","","","","","",,,,,"",,,,"Prov-Resurs-inom-halso--och-sjukvard.utforsPa",0,1,"",""
"Prov-Resurs-inom-halso--och-sjukvard","Prov-Resurs-inom-halso--och-sjukvard.tasMedViss","Prov-Resurs-inom-halso--och-sjukvard.tasMedViss","","","",0,1,"","","","http://example.org/fhir/xmi-to-fsh/StructureDefinition/Provtagningsmetod {[]} {[]}
","Source attribute: tas med viss","Source attribute: tas med viss","","","","","","","","","",,,,,"",,,,"Prov-Resurs-inom-halso--och-sjukvard.tasMedViss",0,1,"",""
"Prov-Resurs-inom-halso--och-sjukvard","Prov-Resurs-inom-halso--och-sjukvard.lamnar","Prov-Resurs-inom-halso--och-sjukvard.lamnar","","","",0,1,"","","","http://example.org/fhir/xmi-to-fsh/StructureDefinition/Provgivare {[]} {[]}
","Source attribute: lämnar","Source attribute: lämnar","","","","","","","","","",,,,,"",,,,"Prov-Resurs-inom-halso--och-sjukvard.lamnar",0,1,"",""
"Prov-Resurs","Prov-Resurs","Prov-Resurs","","","",0,*,"","","","null {[]} {[]}
","Prov : Resurs","Supporting logical model generated from gloo4.xmi (source class: Prov : Resurs).","","","","","","","","","",,,,,"",,,,"Base",0,*,"",""
"Prov-Resurs","Prov-Resurs.-id","Prov-Resurs._id","","","",0,1,"","","","http://example.org/fhir/xmi-to-fsh/StructureDefinition/II {[]} {[]}
","Source attribute: id; renamed from reserved FSH name 'id'","Source attribute: id; renamed from reserved FSH name 'id'","","","","","","","","","",,,,,"",,,,"Prov-Resurs._id",0,1,"",""
"Prov-Resurs","Prov-Resurs.material","Prov-Resurs.material","","","",1,1,"","","","http://example.org/fhir/xmi-to-fsh/StructureDefinition/CV-CWE {[]} {[]}
","Source attribute: material","Source attribute: material","","","","","","","","","",,,,,"",,,,"Prov-Resurs.material",1,1,"",""
"Prov-Resurs","Prov-Resurs.provtagningstidpunkt","Prov-Resurs.provtagningstidpunkt","","","",1,1,"","","","http://example.org/fhir/xmi-to-fsh/StructureDefinition/TS {[]} {[]}
","Source attribute: provtagningstidpunkt","Source attribute: provtagningstidpunkt","","","","","","","","","",,,,,"",,,,"Prov-Resurs.provtagningstidpunkt",1,1,"",""
"Prov-Resurs","Prov-Resurs.anatomiskLokalisation","Prov-Resurs.anatomiskLokalisation","","","",0,1,"","","","http://example.org/fhir/xmi-to-fsh/StructureDefinition/CV-CWE {[]} {[]}
","Source attribute: anatomisk lokalisation","Source attribute: anatomisk lokalisation","","","","","","","","","",,,,,"",,,,"Prov-Resurs.anatomiskLokalisation",0,1,"",""
"Prov-Resurs","Prov-Resurs.kommentar","Prov-Resurs.kommentar","","","",0,1,"","","","http://example.org/fhir/xmi-to-fsh/StructureDefinition/ST {[]} {[]}
","Source attribute: kommentar","Source attribute: kommentar","","","","","","","","","",,,,,"",,,,"Prov-Resurs.kommentar",0,1,"",""
"Prov-Resurs","Prov-Resurs.forvarasI","Prov-Resurs.forvarasI","","","",0,*,"","","","http://example.org/fhir/xmi-to-fsh/StructureDefinition/Provbehallare-Resurs {[]} {[]}
","Source attribute: förvaras i","Source attribute: förvaras i","","","","","","","","","",,,,,"",,,,"Prov-Resurs.forvarasI",0,*,"",""
"Prov-Resurs","Prov-Resurs.avser","Prov-Resurs.avser","","","",0,*,"","","","http://example.org/fhir/xmi-to-fsh/StructureDefinition/Provrelaterad-aktivitet-Aktivitet {[]} {[]}
","Source attribute: avser","Source attribute: avser","","","","","","","","","",,,,,"",,,,"Prov-Resurs.avser",0,*,"",""
"Prov-Resurs","Prov-Resurs.avser2","Prov-Resurs.avser2","","","",0,*,"","","","http://example.org/fhir/xmi-to-fsh/StructureDefinition/Laboratorieanalys-Aktivitet {[]} {[]}
","Source attribute: avser","Source attribute: avser","","","","","","","","","",,,,,"",,,,"Prov-Resurs.avser2",0,*,"",""
"Prov-id","Prov-id","Prov-id","","","",0,*,"","","","null {[]} {[]}
","Prov-id","Supporting logical model generated from gloo4.xmi (source class: Prov-id).","","","","","","","","","",,,,,"",,,,"Base",0,*,"",""
"Prov-id","Prov-id.Identifierar","Prov-id.Identifierar","","","",0,1,"","","","http://example.org/fhir/xmi-to-fsh/StructureDefinition/Prov-Resurs-inom-halso--och-sjukvard {[]} {[]}
","Source attribute: Identifierar","Source attribute: Identifierar","","","","","","","","","",,,,,"",,,,"Prov-id.Identifierar",0,1,"",""
"Provbehallare-Resurs","Provbehallare-Resurs","Provbehallare-Resurs","","","",0,*,"","","","null {[]} {[]}
","Provbehållare : Resurs","Supporting logical model generated from gloo4.xmi (source class: Provbehållare : Resurs).","","","","","","","","","",,,,,"",,,,"Base",0,*,"",""
"Provbehallare-Resurs","Provbehallare-Resurs.-id","Provbehallare-Resurs._id","","","",0,*,"","","","http://example.org/fhir/xmi-to-fsh/StructureDefinition/II {[]} {[]}
","Source attribute: id; renamed from reserved FSH name 'id'","Source attribute: id; renamed from reserved FSH name 'id'","","","","","","","","","",,,,,"",,,,"Provbehallare-Resurs._id",0,*,"",""
"Provbehallare-Resurs","Provbehallare-Resurs.typ","Provbehallare-Resurs.typ","","","",1,1,"","","","http://example.org/fhir/xmi-to-fsh/StructureDefinition/CV {[]} {[]}
","Source attribute: typ","Source attribute: typ","","","","","","","","","",,,,,"",,,,"Provbehallare-Resurs.typ",1,1,"",""
"Provbehallare-Resurs","Provbehallare-Resurs.forvarasI","Provbehallare-Resurs.forvarasI","","","",0,*,"","","","http://example.org/fhir/xmi-to-fsh/StructureDefinition/Prov-Resurs {[]} {[]}
","Source attribute: förvaras i","Source attribute: förvaras i","","","","","","","","","",,,,,"",,,,"Provbehallare-Resurs.forvarasI",0,*,"",""
"Provgivare","Provgivare","Provgivare","","","",0,*,"","","","null {[]} {[]}
","Provgivare","Supporting logical model generated from gloo4.xmi (source class: Provgivare).","","","","","","","","","",,,,,"",,,,"Base",0,*,"",""
"Provgivare","Provgivare.lamnar","Provgivare.lamnar","","","",0,1,"","","","http://example.org/fhir/xmi-to-fsh/StructureDefinition/Prov-Resurs-inom-halso--och-sjukvard {[]} {[]}
","Source attribute: lämnar","Source attribute: lämnar","","","","","","","","","",,,,,"",,,,"Provgivare.lamnar",0,1,"",""
"Provmaterial","Provmaterial","Provmaterial","","","",0,*,"","","","null {[]} {[]}
","Provmaterial","Supporting logical model generated from gloo4.xmi (source class: Provmaterial).","","","","","","","","","",,,,,"",,,,"Base",0,*,"",""
"Provmaterial","Provmaterial.bestarAvVisst","Provmaterial.bestarAvVisst","","","",0,1,"","","","http://example.org/fhir/xmi-to-fsh/StructureDefinition/Prov-Resurs-inom-halso--och-sjukvard {[]} {[]}
","Source attribute: består av visst","Source attribute: består av visst","","","","","","","","","",,,,,"",,,,"Provmaterial.bestarAvVisst",0,1,"",""
"Provrelaterad-aktivitet-Aktivitet","Provrelaterad-aktivitet-Aktivitet","Provrelaterad-aktivitet-Aktivitet","","","",0,*,"","","","null {[]} {[]}
","Provrelaterad aktivitet: Aktivitet","Supporting logical model generated from gloo4.xmi (source class: Provrelaterad aktivitet: Aktivitet).","","","","","","","","","",,,,,"",,,,"Base",0,*,"",""
"Provrelaterad-aktivitet-Aktivitet","Provrelaterad-aktivitet-Aktivitet.kod","Provrelaterad-aktivitet-Aktivitet.kod","","","",1,1,"","","","http://example.org/fhir/xmi-to-fsh/StructureDefinition/CV-CWE {[]} {[]}
","Source attribute: kod","Source attribute: kod","","","","","","","","","",,,,,"",,,,"Provrelaterad-aktivitet-Aktivitet.kod",1,1,"",""
"Provrelaterad-aktivitet-Aktivitet","Provrelaterad-aktivitet-Aktivitet.tid","Provrelaterad-aktivitet-Aktivitet.tid","","","",1,1,"","","","string {[]} {[]}
","Source attribute: tid","Source attribute: tid","","","","","","","","","",,,,,"",,,,"Provrelaterad-aktivitet-Aktivitet.tid",1,1,"",""
"Provrelaterad-aktivitet-Aktivitet","Provrelaterad-aktivitet-Aktivitet.metod","Provrelaterad-aktivitet-Aktivitet.metod","","","",0,1,"","","","http://example.org/fhir/xmi-to-fsh/StructureDefinition/CV-CWE {[]} {[]}
","Source attribute: metod","Source attribute: metod","","","","","","","","","",,,,,"",,,,"Provrelaterad-aktivitet-Aktivitet.metod",0,1,"",""
"Provrelaterad-aktivitet-Aktivitet","Provrelaterad-aktivitet-Aktivitet.avser","Provrelaterad-aktivitet-Aktivitet.avser","","","",1,*,"","","","http://example.org/fhir/xmi-to-fsh/StructureDefinition/Prov-Resurs {[]} {[]}
","Source attribute: avser","Source attribute: avser","","","","","","","","","",,,,,"",,,,"Provrelaterad-aktivitet-Aktivitet.avser",1,*,"",""
"Provtagningsmetod","Provtagningsmetod","Provtagningsmetod","","","",0,*,"","","","null {[]} {[]}
","Provtagningsmetod","Supporting logical model generated from gloo4.xmi (source class: Provtagningsmetod).","","","","","","","","","",,,,,"",,,,"Base",0,*,"",""
"Provtagningsmetod","Provtagningsmetod.tasMedViss","Provtagningsmetod.tasMedViss","","","",0,1,"","","","http://example.org/fhir/xmi-to-fsh/StructureDefinition/Prov-Resurs-inom-halso--och-sjukvard {[]} {[]}
","Source attribute: tas med viss","Source attribute: tas med viss","","","","","","","","","",,,,,"",,,,"Provtagningsmetod.tasMedViss",0,1,"",""
"Referens","Referens","Referens","","","",0,*,"","","","null {[]} {[]}
","Referens","Supporting logical model generated from gloo4.xmi (source class: Referens).","","","","","","","","","",,,,,"",,,,"Base",0,*,"",""
"Referens","Referens.intervall","Referens.intervall","","","",0,1,"","","","string {[]} {[]}
","Source attribute: intervall","Source attribute: intervall","","","","","","","","","",,,,,"",,,,"Referens.intervall",0,1,"",""
"Referens","Referens.text","Referens.text","","","",0,1,"","","","http://example.org/fhir/xmi-to-fsh/StructureDefinition/ST {[]} {[]}
","Source attribute: text","Source attribute: text","","","","","","","","","",,,,,"",,,,"Referens.text",0,1,"",""
"Referens","Referens.population","Referens.population","","","",0,1,"","","","http://example.org/fhir/xmi-to-fsh/StructureDefinition/ST {[]} {[]}
","Source attribute: population","Source attribute: population","","","","","","","","","",,,,,"",,,,"Referens.population",0,1,"",""
"Referens","Referens.kommentar","Referens.kommentar","","","",0,1,"","","","http://example.org/fhir/xmi-to-fsh/StructureDefinition/ST {[]} {[]}
","Source attribute: kommentar","Source attribute: kommentar","","","","","","","","","",,,,,"",,,,"Referens.kommentar",0,1,"",""
"Referens","Referens.jamforsMed","Referens.jamforsMed","","","",0,*,"","","","http://example.org/fhir/xmi-to-fsh/StructureDefinition/Laboratorieanalysresultat-Observation {[]} {[]}
","Source attribute: jämförs med","Source attribute: jämförs med","","","","","","","","","",,,,,"",,,,"Referens.jamforsMed",0,*,"",""
"Referenser","Referenser","Referenser","","","",0,*,"","","","null {[]} {[]}
","Referenser","Supporting logical model generated from gloo4.xmi (source class: Referenser).","","","","","","","","","",,,,,"",,,,"Base",0,*,"",""
"Referenser","Referenser.R1","Referenser.R1","","","",0,1,"","","","string {[]} {[]}
","Source attribute: R1; type could not be resolved from source model","Source attribute: R1; type could not be resolved from source model","","","","","","","","","",,,,,"",,,,"Referenser.R1",0,1,"",""
"Referenser","Referenser.R2","Referenser.R2","","","",0,1,"","","","string {[]} {[]}
","Source attribute: R2; type could not be resolved from source model","Source attribute: R2; type could not be resolved from source model","","","","","","","","","",,,,,"",,,,"Referenser.R2",0,1,"",""
"Referensintervall","Referensintervall","Referensintervall","","","",0,*,"","","","null {[]} {[]}
","Referensintervall","Supporting logical model generated from gloo4.xmi (source class: Referensintervall).","","","","","","","","","",,,,,"",,,,"Base",0,*,"",""
"Referensintervall","Referensintervall.liggerTillGrundFor","Referensintervall.liggerTillGrundFor","","","",0,1,"","","","http://example.org/fhir/xmi-to-fsh/StructureDefinition/Referenspopulation {[]} {[]}
","Source attribute: ligger till grund för","Source attribute: ligger till grund för","","","","","","","","","",,,,,"",,,,"Referensintervall.liggerTillGrundFor",0,1,"",""
"Referensintervall","Referensintervall.gallerFor","Referensintervall.gallerFor","","","",0,1,"","","","http://example.org/fhir/xmi-to-fsh/StructureDefinition/Laboratorieanalysresultat-Observerat-halsotillstand {[]} {[]}
","Source attribute: gäller för","Source attribute: gäller för","","","","","","","","","",,,,,"",,,,"Referensintervall.gallerFor",0,1,"",""
"Referensmodell","Referensmodell","Referensmodell","","","",0,*,"","","","null {[]} {[]}
","Referensmodell","Supporting logical model generated from gloo4.xmi (source class: Referensmodell).","","","","","","","","","",,,,,"",,,,"Base",0,*,"",""
"Referensmodell","Referensmodell.NINationellInformationsstruktur","Referensmodell.NINationellInformationsstruktur","","","",0,1,"","","","string {[]} {[]}
","Source attribute: NI (Nationell Informationsstruktur); type could not be resolved from source model","Source attribute: NI (Nationell Informationsstruktur); type could not be resolved from source model","","","","","","","","","",,,,,"",,,,"Referensmodell.NINationellInformationsstruktur",0,1,"",""
"Referensmodell","Referensmodell.RIMSaknas","Referensmodell.RIMSaknas","","","",0,1,"","","","string {[]} {[]}
","Source attribute: RIM saknas; type could not be resolved from source model","Source attribute: RIM saknas; type could not be resolved from source model","","","","","","","","","",,,,,"",,,,"Referensmodell.RIMSaknas",0,1,"",""
"Referenspopulation","Referenspopulation","Referenspopulation","","","",0,*,"","","","null {[]} {[]}
","Referenspopulation","Supporting logical model generated from gloo4.xmi (source class: Referenspopulation).","","","","","","","","","",,,,,"",,,,"Base",0,*,"",""
"Referenspopulation","Referenspopulation.liggerTillGrundFor","Referenspopulation.liggerTillGrundFor","","","",0,1,"","","","http://example.org/fhir/xmi-to-fsh/StructureDefinition/Referensintervall {[]} {[]}
","Source attribute: ligger till grund för","Source attribute: ligger till grund för","","","","","","","","","",,,,,"",,,,"Referenspopulation.liggerTillGrundFor",0,1,"",""
"Referenspopulation","Referenspopulation.jamforsMed","Referenspopulation.jamforsMed","","","",0,1,"","","","http://example.org/fhir/xmi-to-fsh/StructureDefinition/Malpopulation {[]} {[]}
","Source attribute: jämförs med","Source attribute: jämförs med","","","","","","","","","",,,,,"",,,,"Referenspopulation.jamforsMed",0,1,"",""
"Referensvarde","Referensvarde","Referensvarde","","","",0,*,"","","","null {[]} {[]}
","Referensvärde","Supporting logical model generated from gloo4.xmi (source class: Referensvärde).","","","","","","","","","",,,,,"",,,,"Base",0,*,"",""
"Referensvarde","Referensvarde.gallerFor","Referensvarde.gallerFor","","","",0,1,"","","","http://example.org/fhir/xmi-to-fsh/StructureDefinition/Laboratorieanalysresultat-Observerat-halsotillstand {[]} {[]}
","Source attribute: gäller för","Source attribute: gäller för","","","","","","","","","",,,,,"",,,,"Referensvarde.gallerFor",0,1,"",""
"Remiss-Dokument-inom-halso--och-sjukvard","Remiss-Dokument-inom-halso--och-sjukvard","Remiss-Dokument-inom-halso--och-sjukvard","","","",0,*,"","","","null {[]} {[]}
","Remiss : Dokument (inom hälso- och sjukvård)","Supporting logical model generated from gloo4.xmi (source class: Remiss : Dokument (inom hälso- och sjukvård)).","","","","","","","","","",,,,,"",,,,"Base",0,*,"",""
"Remiss-Dokument-inom-halso--och-sjukvard","Remiss-Dokument-inom-halso--och-sjukvard.skapar","Remiss-Dokument-inom-halso--och-sjukvard.skapar","","","",0,1,"","","","http://example.org/fhir/xmi-to-fsh/StructureDefinition/Remittent-Halso--och-sjukvardspersonal {[]} {[]}
","Source attribute: skapar","Source attribute: skapar","","","","","","","","","",,,,,"",,,,"Remiss-Dokument-inom-halso--och-sjukvard.skapar",0,1,"",""
"Remiss-Dokument-inom-halso--och-sjukvard","Remiss-Dokument-inom-halso--och-sjukvard.hanterasAv","Remiss-Dokument-inom-halso--och-sjukvard.hanterasAv","","","",0,1,"","","","http://example.org/fhir/xmi-to-fsh/StructureDefinition/Remissmottagande-enhet-Organisation-inom-halso--och-sju {[]} {[]}
","Source attribute: hanteras av","Source attribute: hanteras av","","","","","","","","","",,,,,"",,,,"Remiss-Dokument-inom-halso--och-sjukvard.hanterasAv",0,1,"",""
"Remiss-Dokument-inom-halso--och-sjukvard","Remiss-Dokument-inom-halso--och-sjukvard.avser","Remiss-Dokument-inom-halso--och-sjukvard.avser","","","",0,1,"","","","http://example.org/fhir/xmi-to-fsh/StructureDefinition/Patient-2 {[]} {[]}
","Source attribute: avser","Source attribute: avser","","","","","","","","","",,,,,"",,,,"Remiss-Dokument-inom-halso--och-sjukvard.avser",0,1,"",""
"Remiss-Dokument-inom-halso--och-sjukvard","Remiss-Dokument-inom-halso--och-sjukvard.avserBegaranOmUtforandeAvEnEllerFlera","Remiss-Dokument-inom-halso--och-sjukvard.avserBegaranOmUtforandeAvEnEllerFlera","","","",0,1,"","","","http://example.org/fhir/xmi-to-fsh/StructureDefinition/Laboratorieanalys-Aktivitet-inom-halso--och-sjukvard {[]} {[]}
","Source attribute: avser begäran om utförande av en eller flera","Source attribute: avser begäran om utförande av en eller flera","","","","","","","","","",,,,,"",,,,"Remiss-Dokument-inom-halso--och-sjukvard.avserBegaranOmUtforandeAvEnEllerFlera",0,1,"",""
"Remiss-Dokument-inom-halso--och-sjukvard","Remiss-Dokument-inom-halso--och-sjukvard.kanHa","Remiss-Dokument-inom-halso--och-sjukvard.kanHa","","","",0,1,"","","","http://example.org/fhir/xmi-to-fsh/StructureDefinition/Remissvar-Dokument-inom-halso--och-sjukvard {[]} {[]}
","Source attribute: kan ha","Source attribute: kan ha","","","","","","","","","",,,,,"",,,,"Remiss-Dokument-inom-halso--och-sjukvard.kanHa",0,1,"",""
"Remiss-Dokument","Remiss-Dokument","Remiss-Dokument","","","",0,*,"","","","null {[]} {[]}
","Remiss : Dokument","Supporting logical model generated from gloo4.xmi (source class: Remiss : Dokument).","","","","","","","","","",,,,,"",,,,"Base",0,*,"",""
"Remiss-Dokument","Remiss-Dokument.remissId","Remiss-Dokument.remissId","","","",1,1,"","","","http://example.org/fhir/xmi-to-fsh/StructureDefinition/II {[]} {[]}
","Source attribute: remiss-id","Source attribute: remiss-id","","","","","","","","","",,,,,"",,,,"Remiss-Dokument.remissId",1,1,"",""
"Remiss-Dokument","Remiss-Dokument.remisstidpunkt","Remiss-Dokument.remisstidpunkt","","","",1,1,"","","","http://example.org/fhir/xmi-to-fsh/StructureDefinition/TS {[]} {[]}
","Source attribute: remisstidpunkt","Source attribute: remisstidpunkt","","","","","","","","","",,,,,"",,,,"Remiss-Dokument.remisstidpunkt",1,1,"",""
"Remiss-Dokument","Remiss-Dokument.versionsnummer","Remiss-Dokument.versionsnummer","","","",0,1,"","","","http://example.org/fhir/xmi-to-fsh/StructureDefinition/INT {[]} {[]}
","Source attribute: versionsnummer","Source attribute: versionsnummer","","","","","","","","","",,,,,"",,,,"Remiss-Dokument.versionsnummer",0,1,"",""
"Remiss-Dokument","Remiss-Dokument.fragestallning","Remiss-Dokument.fragestallning","","","",0,1,"","","","http://example.org/fhir/xmi-to-fsh/StructureDefinition/ST {[]} {[]}
","Source attribute: frågeställning","Source attribute: frågeställning","","","","","","","","","",,,,,"",,,,"Remiss-Dokument.fragestallning",0,1,"",""
"Remiss-Dokument","Remiss-Dokument.efterfragadTjanst","Remiss-Dokument.efterfragadTjanst","","","",0,*,"","","","http://example.org/fhir/xmi-to-fsh/StructureDefinition/CV-CWE {[]} {[]}
","Source attribute: efterfrågad tjänst","Source attribute: efterfrågad tjänst","","","","","","","","","",,,,,"",,,,"Remiss-Dokument.efterfragadTjanst",0,*,"",""
"Remiss-Dokument","Remiss-Dokument.kommentarFranBestallare","Remiss-Dokument.kommentarFranBestallare","","","",0,1,"","","","http://example.org/fhir/xmi-to-fsh/StructureDefinition/ST {[]} {[]}
","Source attribute: kommentar från beställare","Source attribute: kommentar från beställare","","","","","","","","","",,,,,"",,,,"Remiss-Dokument.kommentarFranBestallare",0,1,"",""
"Remiss-Dokument","Remiss-Dokument.medicinskInformation","Remiss-Dokument.medicinskInformation","","","",0,1,"","","","http://example.org/fhir/xmi-to-fsh/StructureDefinition/ST {[]} {[]}
","Source attribute: medicinsk information","Source attribute: medicinsk information","","","","","","","","","",,,,,"",,,,"Remiss-Dokument.medicinskInformation",0,1,"",""
"Remiss-Dokument","Remiss-Dokument.besvarar","Remiss-Dokument.besvarar","","","",0,*,"","","","http://example.org/fhir/xmi-to-fsh/StructureDefinition/Laboratoriesvar-Dokument {[]} {[]}
","Source attribute: besvarar","Source attribute: besvarar","","","","","","","","","",,,,,"",,,,"Remiss-Dokument.besvarar",0,*,"",""
"Remiss-Dokument","Remiss-Dokument.harRemittent","Remiss-Dokument.harRemittent","","","",0,1,"","","","http://example.org/fhir/xmi-to-fsh/StructureDefinition/Halso--och-sjukvardspersonal-Halso--och-sjukvardsperson {[]} {[]}
","Source attribute: har remittent","Source attribute: har remittent","","","","","","","","","",,,,,"",,,,"Remiss-Dokument.harRemittent",0,1,"",""
"Remissmottagande-enhet-Organisation-inom-halso--och-sju","Remissmottagande-enhet-Organisation-inom-halso--och-sju","Remissmottagande-enhet-Organisation-inom-halso--och-sju","","","",0,*,"","","","null {[]} {[]}
","Remissmottagande enhet : Organisation (inom hälso- och sjukvård)","Supporting logical model generated from gloo4.xmi (source class: Remissmottagande enhet : Organisation (inom hälso- och sjukvård)).","","","","","","","","","",,,,,"",,,,"Base",0,*,"",""
"Remissmottagande-enhet-Organisation-inom-halso--och-sju","Remissmottagande-enhet-Organisation-inom-halso--och-sju.arEn","Remissmottagande-enhet-Organisation-inom-halso--och-sju.arEn","","","",0,1,"","","","http://example.org/fhir/xmi-to-fsh/StructureDefinition/Organisatorisk-enhet-Organisation-inom-halso--och-sjukv {[]} {[]}
","Source attribute: är en","Source attribute: är en","","","","","","","","","",,,,,"",,,,"Remissmottagande-enhet-Organisation-inom-halso--och-sju.arEn",0,1,"",""
"Remissmottagande-enhet-Organisation-inom-halso--och-sju","Remissmottagande-enhet-Organisation-inom-halso--och-sju.hanterasAv","Remissmottagande-enhet-Organisation-inom-halso--och-sju.hanterasAv","","","",0,1,"","","","http://example.org/fhir/xmi-to-fsh/StructureDefinition/Remiss-Dokument-inom-halso--och-sjukvard {[]} {[]}
","Source attribute: hanteras av","Source attribute: hanteras av","","","","","","","","","",,,,,"",,,,"Remissmottagande-enhet-Organisation-inom-halso--och-sju.hanterasAv",0,1,"",""
"Remissvar-Dokument-inom-halso--och-sjukvard","Remissvar-Dokument-inom-halso--och-sjukvard","Remissvar-Dokument-inom-halso--och-sjukvard","","","",0,*,"","","","null {[]} {[]}
","Remissvar : Dokument (inom hälso- och sjukvård)","Supporting logical model generated from gloo4.xmi (source class: Remissvar : Dokument (inom hälso- och sjukvård)).","","","","","","","","","",,,,,"",,,,"Base",0,*,"",""
"Remissvar-Dokument-inom-halso--och-sjukvard","Remissvar-Dokument-inom-halso--och-sjukvard.gorsAv","Remissvar-Dokument-inom-halso--och-sjukvard.gorsAv","","","",0,1,"","","","http://example.org/fhir/xmi-to-fsh/StructureDefinition/Signering-Deltagande-2 {[]} {[]}
","Source attribute: görs av","Source attribute: görs av","","","","","","","","","",,,,,"",,,,"Remissvar-Dokument-inom-halso--och-sjukvard.gorsAv",0,1,"",""
"Remissvar-Dokument-inom-halso--och-sjukvard","Remissvar-Dokument-inom-halso--och-sjukvard.harVisst","Remissvar-Dokument-inom-halso--och-sjukvard.harVisst","","","",0,1,"","","","http://example.org/fhir/xmi-to-fsh/StructureDefinition/Presentationsformat {[]} {[]}
","Source attribute: har visst","Source attribute: har visst","","","","","","","","","",,,,,"",,,,"Remissvar-Dokument-inom-halso--och-sjukvard.harVisst",0,1,"",""
"Remissvar-Dokument-inom-halso--och-sjukvard","Remissvar-Dokument-inom-halso--och-sjukvard.arMottagareAv","Remissvar-Dokument-inom-halso--och-sjukvard.arMottagareAv","","","",0,1,"","","","http://example.org/fhir/xmi-to-fsh/StructureDefinition/Remissvarsmottagande-enhet-Organisation-inom-halso--och {[]} {[]}
","Source attribute: är mottagare av","Source attribute: är mottagare av","","","","","","","","","",,,,,"",,,,"Remissvar-Dokument-inom-halso--och-sjukvard.arMottagareAv",0,1,"",""
"Remissvar-Dokument-inom-halso--och-sjukvard","Remissvar-Dokument-inom-halso--och-sjukvard.tarEmotKopiaAv","Remissvar-Dokument-inom-halso--och-sjukvard.tarEmotKopiaAv","","","",0,1,"","","","http://example.org/fhir/xmi-to-fsh/StructureDefinition/Kopiemottagande-enhet {[]} {[]}
","Source attribute: tar emot kopia av","Source attribute: tar emot kopia av","","","","","","","","","",,,,,"",,,,"Remissvar-Dokument-inom-halso--och-sjukvard.tarEmotKopiaAv",0,1,"",""
"Remissvar-Dokument-inom-halso--och-sjukvard","Remissvar-Dokument-inom-halso--och-sjukvard.ansvararFor","Remissvar-Dokument-inom-halso--och-sjukvard.ansvararFor","","","",0,1,"","","","http://example.org/fhir/xmi-to-fsh/StructureDefinition/Ansvarig-enhet-Organisation-inom-halso--och-sjukvard {[]} {[]}
","Source attribute: ansvarar för","Source attribute: ansvarar för","","","","","","","","","",,,,,"",,,,"Remissvar-Dokument-inom-halso--och-sjukvard.ansvararFor",0,1,"",""
"Remissvar-Dokument-inom-halso--och-sjukvard","Remissvar-Dokument-inom-halso--och-sjukvard.kanHa","Remissvar-Dokument-inom-halso--och-sjukvard.kanHa","","","",0,1,"","","","http://example.org/fhir/xmi-to-fsh/StructureDefinition/Remiss-Dokument-inom-halso--och-sjukvard {[]} {[]}
","Source attribute: kan ha","Source attribute: kan ha","","","","","","","","","",,,,,"",,,,"Remissvar-Dokument-inom-halso--och-sjukvard.kanHa",0,1,"",""
"Remissvar-Dokument-inom-halso--och-sjukvard","Remissvar-Dokument-inom-halso--och-sjukvard.arEtt","Remissvar-Dokument-inom-halso--och-sjukvard.arEtt","","","",0,1,"","","","http://example.org/fhir/xmi-to-fsh/StructureDefinition/Delsvar-Dokument-inom-halso--och-sjukvard {[]} {[]}
","Source attribute: är ett","Source attribute: är ett","","","","","","","","","",,,,,"",,,,"Remissvar-Dokument-inom-halso--och-sjukvard.arEtt",0,1,"",""
"Remissvar-Dokument-inom-halso--och-sjukvard","Remissvar-Dokument-inom-halso--och-sjukvard.arEtt2","Remissvar-Dokument-inom-halso--och-sjukvard.arEtt2","","","",0,1,"","","","http://example.org/fhir/xmi-to-fsh/StructureDefinition/Slutsvar-Dokument-inom-halso--och-sjukvard {[]} {[]}
","Source attribute: är ett","Source attribute: är ett","","","","","","","","","",,,,,"",,,,"Remissvar-Dokument-inom-halso--och-sjukvard.arEtt2",0,1,"",""
"Remissvar-Dokument-inom-halso--och-sjukvard","Remissvar-Dokument-inom-halso--och-sjukvard.arEtt3","Remissvar-Dokument-inom-halso--och-sjukvard.arEtt3","","","",0,1,"","","","http://example.org/fhir/xmi-to-fsh/StructureDefinition/Laboratoriesvar-Dokument-inom-halso--och-sjukvard {[]} {[]}
","Source attribute: är ett","Source attribute: är ett","","","","","","","","","",,,,,"",,,,"Remissvar-Dokument-inom-halso--och-sjukvard.arEtt3",0,1,"",""
"Remissvarsmottagande-enhet-Organisation-inom-halso--och","Remissvarsmottagande-enhet-Organisation-inom-halso--och","Remissvarsmottagande-enhet-Organisation-inom-halso--och","","","",0,*,"","","","null {[]} {[]}
","Remissvarsmottagande enhet : Organisation (inom hälso- och sjukvård)","Supporting logical model generated from gloo4.xmi (source class: Remissvarsmottagande enhet : Organisation (inom hälso- och sjukvård)).","","","","","","","","","",,,,,"",,,,"Base",0,*,"",""
"Remissvarsmottagande-enhet-Organisation-inom-halso--och","Remissvarsmottagande-enhet-Organisation-inom-halso--och.arMottagareAv","Remissvarsmottagande-enhet-Organisation-inom-halso--och.arMottagareAv","","","",0,1,"","","","http://example.org/fhir/xmi-to-fsh/StructureDefinition/Remissvar-Dokument-inom-halso--och-sjukvard {[]} {[]}
","Source attribute: är mottagare av","Source attribute: är mottagare av","","","","","","","","","",,,,,"",,,,"Remissvarsmottagande-enhet-Organisation-inom-halso--och.arMottagareAv",0,1,"",""
"Remissvarsmottagande-enhet-Organisation-inom-halso--och","Remissvarsmottagande-enhet-Organisation-inom-halso--och.arEn","Remissvarsmottagande-enhet-Organisation-inom-halso--och.arEn","","","",0,1,"","","","http://example.org/fhir/xmi-to-fsh/StructureDefinition/Organisatorisk-enhet-Organisation-inom-halso--och-sjukv {[]} {[]}
","Source attribute: är en","Source attribute: är en","","","","","","","","","",,,,,"",,,,"Remissvarsmottagande-enhet-Organisation-inom-halso--och.arEn",0,1,"",""
"Remittent-Halso--och-sjukvardspersonal","Remittent-Halso--och-sjukvardspersonal","Remittent-Halso--och-sjukvardspersonal","","","",0,*,"","","","null {[]} {[]}
","Remittent : Hälso- och sjukvårdspersonal","Supporting logical model generated from gloo4.xmi (source class: Remittent : Hälso- och sjukvårdspersonal).","","","","","","","","","",,,,,"",,,,"Base",0,*,"",""
"Remittent-Halso--och-sjukvardspersonal","Remittent-Halso--och-sjukvardspersonal.skapar","Remittent-Halso--och-sjukvardspersonal.skapar","","","",0,1,"","","","http://example.org/fhir/xmi-to-fsh/StructureDefinition/Remiss-Dokument-inom-halso--och-sjukvard {[]} {[]}
","Source attribute: skapar","Source attribute: skapar","","","","","","","","","",,,,,"",,,,"Remittent-Halso--och-sjukvardspersonal.skapar",0,1,"",""
"Remittent-Halso--och-sjukvardspersonal","Remittent-Halso--och-sjukvardspersonal.tillhor","Remittent-Halso--och-sjukvardspersonal.tillhor","","","",0,1,"","","","http://example.org/fhir/xmi-to-fsh/StructureDefinition/Remitterande-enhet-Organisation-inom-halso--och-sjukvar {[]} {[]}
","Source attribute: tillhör","Source attribute: tillhör","","","","","","","","","",,,,,"",,,,"Remittent-Halso--och-sjukvardspersonal.tillhor",0,1,"",""
"Remittent-Halso--och-sjukvardspersonal","Remittent-Halso--och-sjukvardspersonal.arEn","Remittent-Halso--och-sjukvardspersonal.arEn","","","",0,1,"","","","http://example.org/fhir/xmi-to-fsh/StructureDefinition/Halso--och-sjukvardspersonal {[]} {[]}
","Source attribute: är en","Source attribute: är en","","","","","","","","","",,,,,"",,,,"Remittent-Halso--och-sjukvardspersonal.arEn",0,1,"",""
"Remitterande-enhet-Organisation-inom-halso--och-sjukvar","Remitterande-enhet-Organisation-inom-halso--och-sjukvar","Remitterande-enhet-Organisation-inom-halso--och-sjukvar","","","",0,*,"","","","null {[]} {[]}
","Remitterande enhet : Organisation (inom hälso- och sjukvård)","Supporting logical model generated from gloo4.xmi (source class: Remitterande enhet : Organisation (inom hälso- och sjukvård)).","","","","","","","","","",,,,,"",,,,"Base",0,*,"",""
"Remitterande-enhet-Organisation-inom-halso--och-sjukvar","Remitterande-enhet-Organisation-inom-halso--och-sjukvar.tillhor","Remitterande-enhet-Organisation-inom-halso--och-sjukvar.tillhor","","","",0,1,"","","","http://example.org/fhir/xmi-to-fsh/StructureDefinition/Remittent-Halso--och-sjukvardspersonal {[]} {[]}
","Source attribute: tillhör","Source attribute: tillhör","","","","","","","","","",,,,,"",,,,"Remitterande-enhet-Organisation-inom-halso--och-sjukvar.tillhor",0,1,"",""
"Remitterande-enhet-Organisation-inom-halso--och-sjukvar","Remitterande-enhet-Organisation-inom-halso--och-sjukvar.arEn","Remitterande-enhet-Organisation-inom-halso--och-sjukvar.arEn","","","",0,1,"","","","http://example.org/fhir/xmi-to-fsh/StructureDefinition/Organisatorisk-enhet-Organisation-inom-halso--och-sjukv {[]} {[]}
","Source attribute: är en","Source attribute: är en","","","","","","","","","",,,,,"",,,,"Remitterande-enhet-Organisation-inom-halso--och-sjukvar.arEn",0,1,"",""
"Resistens","Resistens","Resistens","","","",0,*,"","","","null {[]} {[]}
","Resistens","Supporting logical model generated from gloo4.xmi (source class: Resistens).","","","","","","","","","",,,,,"",,,,"Base",0,*,"",""
"Resistens","Resistens.faststaller","Resistens.faststaller","","","",0,1,"","","","http://example.org/fhir/xmi-to-fsh/StructureDefinition/Resistensbestamning-Aktivitet-inom-halso--och-sjukvard {[]} {[]}
","Source attribute: fastställer","Source attribute: fastställer","","","","","","","","","",,,,,"",,,,"Resistens.faststaller",0,1,"",""
"Resistensbestamning-Aktivitet-inom-halso--och-sjukvard","Resistensbestamning-Aktivitet-inom-halso--och-sjukvard","Resistensbestamning-Aktivitet-inom-halso--och-sjukvard","","","",0,*,"","","","null {[]} {[]}
","Resistensbestämning : Aktivitet (inom hälso- och sjukvård)","Supporting logical model generated from gloo4.xmi (source class: Resistensbestämning : Aktivitet (inom hälso- och sjukvård)).","","","","","","","","","",,,,,"",,,,"Base",0,*,"",""
"Resistensbestamning-Aktivitet-inom-halso--och-sjukvard","Resistensbestamning-Aktivitet-inom-halso--och-sjukvard.faststaller","Resistensbestamning-Aktivitet-inom-halso--och-sjukvard.faststaller","","","",0,1,"","","","http://example.org/fhir/xmi-to-fsh/StructureDefinition/Resistens {[]} {[]}
","Source attribute: fastställer","Source attribute: fastställer","","","","","","","","","",,,,,"",,,,"Resistensbestamning-Aktivitet-inom-halso--och-sjukvard.faststaller",0,1,"",""
"Resistensbestamning-Aktivitet-inom-halso--och-sjukvard","Resistensbestamning-Aktivitet-inom-halso--och-sjukvard.kanUtforasPa","Resistensbestamning-Aktivitet-inom-halso--och-sjukvard.kanUtforasPa","","","",0,1,"","","","http://example.org/fhir/xmi-to-fsh/StructureDefinition/Mikroorganism {[]} {[]}
","Source attribute: kan utföras på","Source attribute: kan utföras på","","","","","","","","","",,,,,"",,,,"Resistensbestamning-Aktivitet-inom-halso--och-sjukvard.kanUtforasPa",0,1,"",""
"Revisionshistorik","Revisionshistorik","Revisionshistorik","","","",0,*,"","","","null {[]} {[]}
","Revisionshistorik","Supporting logical model generated from gloo4.xmi (source class: Revisionshistorik).","","","","","","","","","",,,,,"",,,,"Base",0,*,"",""
"Revisionshistorik","Revisionshistorik.Version40RC2","Revisionshistorik.Version40RC2","","","",0,1,"","","","string {[]} {[]}
","Source attribute: Version 4.0 RC2; type could not be resolved from source model","Source attribute: Version 4.0 RC2; type could not be resolved from source model","","","","","","","","","",,,,,"",,,,"Revisionshistorik.Version40RC2",0,1,"",""
"Revisionshistorik","Revisionshistorik.Version40RC5","Revisionshistorik.Version40RC5","","","",0,1,"","","","string {[]} {[]}
","Source attribute: Version 4.0 RC5; type could not be resolved from source model","Source attribute: Version 4.0 RC5; type could not be resolved from source model","","","","","","","","","",,,,,"",,,,"Revisionshistorik.Version40RC5",0,1,"",""
"Revisionshistorik","Revisionshistorik.Version40RC6","Revisionshistorik.Version40RC6","","","",0,1,"","","","string {[]} {[]}
","Source attribute: Version 4.0 RC6; type could not be resolved from source model","Source attribute: Version 4.0 RC6; type could not be resolved from source model","","","","","","","","","",,,,,"",,,,"Revisionshistorik.Version40RC6",0,1,"",""
"Revisionshistorik","Revisionshistorik.Version40RC9","Revisionshistorik.Version40RC9","","","",0,1,"","","","string {[]} {[]}
","Source attribute: Version 4.0 RC9; type could not be resolved from source model","Source attribute: Version 4.0 RC9; type could not be resolved from source model","","","","","","","","","",,,,,"",,,,"Revisionshistorik.Version40RC9",0,1,"",""
"Revisionshistorik","Revisionshistorik.Version40","Revisionshistorik.Version40","","","",0,1,"","","","string {[]} {[]}
","Source attribute: Version 4.0; type could not be resolved from source model","Source attribute: Version 4.0; type could not be resolved from source model","","","","","","","","","",,,,,"",,,,"Revisionshistorik.Version40",0,1,"",""
"Revisionshistorik","Revisionshistorik.Version401","Revisionshistorik.Version401","","","",0,1,"","","","string {[]} {[]}
","Source attribute: Version 4.0.1; type could not be resolved from source model","Source attribute: Version 4.0.1; type could not be resolved from source model","","","","","","","","","",,,,,"",,,,"Revisionshistorik.Version401",0,1,"",""
"Revisionshistorik","Revisionshistorik.f402","Revisionshistorik.f402","","","",0,1,"","","","string {[]} {[]}
","Source attribute: 4.0.2; type could not be resolved from source model","Source attribute: 4.0.2; type could not be resolved from source model","","","","","","","","","",,,,,"",,,,"Revisionshistorik.f402",0,1,"",""
"Revisionshistorik","Revisionshistorik.Version41","Revisionshistorik.Version41","","","",0,1,"","","","string {[]} {[]}
","Source attribute: Version 4.1; type could not be resolved from source model","Source attribute: Version 4.1; type could not be resolved from source model","","","","","","","","","",,,,,"",,,,"Revisionshistorik.Version41",0,1,"",""
"RevisionshistorikTA","RevisionshistorikTA","RevisionshistorikTA","","","",0,*,"","","","null {[]} {[]}
","RevisionshistorikTA","Supporting logical model generated from gloo4.xmi (source class: RevisionshistorikTA).","","","","","","","","","",,,,,"",,,,"Base",0,*,"",""
"RevisionshistorikTA","RevisionshistorikTA.Version40","RevisionshistorikTA.Version40","","","",0,1,"","","","string {[]} {[]}
","Source attribute: Version 4.0; type could not be resolved from source model","Source attribute: Version 4.0; type could not be resolved from source model","","","","","","","","","",,,,,"",,,,"RevisionshistorikTA.Version40",0,1,"",""
"RevisionshistorikTA","RevisionshistorikTA.Version401","RevisionshistorikTA.Version401","","","",0,1,"","","","string {[]} {[]}
","Source attribute: Version 4.0.1; type could not be resolved from source model","Source attribute: Version 4.0.1; type could not be resolved from source model","","","","","","","","","",,,,,"",,,,"RevisionshistorikTA.Version401",0,1,"",""
"RevisionshistorikTA","RevisionshistorikTA.Version402","RevisionshistorikTA.Version402","","","",0,1,"","","","string {[]} {[]}
","Source attribute: Version 4.0.2; type could not be resolved from source model","Source attribute: Version 4.0.2; type could not be resolved from source model","","","","","","","","","",,,,,"",,,,"RevisionshistorikTA.Version402",0,1,"",""
"SNOMED-CT-SE","SNOMED-CT-SE","SNOMED-CT-SE","","","",0,*,"","","","","SNOMED-CT SE","Supporting logical model generated from gloo4.xmi (source class: SNOMED-CT SE).","","","","","","","","","",,,,,"",,,,"Base",0,*,"",""
"ST","ST","ST","","","",0,*,"","","","","ST","Supporting logical model generated from gloo4.xmi (source class: ST).","","","","","","","","","",,,,,"",,,,"Base",0,*,"",""
"Signatur","Signatur","Signatur","","","",0,*,"","","","null {[]} {[]}
","Signatur","Supporting logical model generated from gloo4.xmi (source class: Signatur).","","","","","","","","","",,,,,"",,,,"Base",0,*,"",""
"Signatur","Signatur.arResultatAv","Signatur.arResultatAv","","","",0,1,"","","","http://example.org/fhir/xmi-to-fsh/StructureDefinition/Signering-Deltagande-2 {[]} {[]}
","Source attribute: är resultat av","Source attribute: är resultat av","","","","","","","","","",,,,,"",,,,"Signatur.arResultatAv",0,1,"",""
"Signering-Deltagande-2","Signering-Deltagande-2","Signering-Deltagande-2","","","",0,*,"","","","null {[]} {[]}
","Signering : Deltagande","Supporting logical model generated from gloo4.xmi (source class: Signering : Deltagande).","","","","","","","","","",,,,,"",,,,"Base",0,*,"",""
"Signering-Deltagande-2","Signering-Deltagande-2.gorsAv","Signering-Deltagande-2.gorsAv","","","",0,1,"","","","http://example.org/fhir/xmi-to-fsh/StructureDefinition/Laboratorieanalysresultat-Observerat-halsotillstand {[]} {[]}
","Source attribute: görs av","Source attribute: görs av","","","","","","","","","",,,,,"",,,,"Signering-Deltagande-2.gorsAv",0,1,"",""
"Signering-Deltagande-2","Signering-Deltagande-2.gorsAv2","Signering-Deltagande-2.gorsAv2","","","",0,1,"","","","http://example.org/fhir/xmi-to-fsh/StructureDefinition/Halso--och-sjukvardspersonal {[]} {[]}
","Source attribute: görs av","Source attribute: görs av","","","","","","","","","",,,,,"",,,,"Signering-Deltagande-2.gorsAv2",0,1,"",""
"Signering-Deltagande-2","Signering-Deltagande-2.gorsAv3","Signering-Deltagande-2.gorsAv3","","","",0,1,"","","","http://example.org/fhir/xmi-to-fsh/StructureDefinition/Remissvar-Dokument-inom-halso--och-sjukvard {[]} {[]}
","Source attribute: görs av","Source attribute: görs av","","","","","","","","","",,,,,"",,,,"Signering-Deltagande-2.gorsAv3",0,1,"",""
"Signering-Deltagande-2","Signering-Deltagande-2.arResultatAv","Signering-Deltagande-2.arResultatAv","","","",0,1,"","","","http://example.org/fhir/xmi-to-fsh/StructureDefinition/Signatur {[]} {[]}
","Source attribute: är resultat av","Source attribute: är resultat av","","","","","","","","","",,,,,"",,,,"Signering-Deltagande-2.arResultatAv",0,1,"",""
"Signering-Deltagande","Signering-Deltagande","Signering-Deltagande","","","",0,*,"","","","null {[]} {[]}
","Signering : Deltagande","Supporting logical model generated from gloo4.xmi (source class: Signering : Deltagande).","","","","","","","","","",,,,,"",,,,"Base",0,*,"",""
"Signering-Deltagande","Signering-Deltagande.tidpunkt","Signering-Deltagande.tidpunkt","","","",1,1,"","","","http://example.org/fhir/xmi-to-fsh/StructureDefinition/TS {[]} {[]}
","Source attribute: tidpunkt","Source attribute: tidpunkt","","","","","","","","","",,,,,"",,,,"Signering-Deltagande.tidpunkt",1,1,"",""
"Signering-Deltagande","Signering-Deltagande.harMottgares","Signering-Deltagande.harMottgares","","","",0,1,"","","","http://example.org/fhir/xmi-to-fsh/StructureDefinition/Laboratoriesvar-Dokument {[]} {[]}
","Source attribute: har mottgares","Source attribute: har mottgares","","","","","","","","","",,,,,"",,,,"Signering-Deltagande.harMottgares",0,1,"",""
"Signering-Deltagande","Signering-Deltagande.harAnsvarigs","Signering-Deltagande.harAnsvarigs","","","",0,1,"","","","http://example.org/fhir/xmi-to-fsh/StructureDefinition/Laboratoriesvar-Dokument {[]} {[]}
","Source attribute: har ansvarigs","Source attribute: har ansvarigs","","","","","","","","","",,,,,"",,,,"Signering-Deltagande.harAnsvarigs",0,1,"",""
"Signering-Deltagande","Signering-Deltagande.harMottagares","Signering-Deltagande.harMottagares","","","",0,1,"","","","http://example.org/fhir/xmi-to-fsh/StructureDefinition/Laboratorieanalysresultat-Observation {[]} {[]}
","Source attribute: har mottagares","Source attribute: har mottagares","","","","","","","","","",,,,,"",,,,"Signering-Deltagande.harMottagares",0,1,"",""
"Signering-Deltagande","Signering-Deltagande.harUtforares","Signering-Deltagande.harUtforares","","","",0,1,"","","","http://example.org/fhir/xmi-to-fsh/StructureDefinition/Laboratorieanalysresultat-Observation {[]} {[]}
","Source attribute: har utförares","Source attribute: har utförares","","","","","","","","","",,,,,"",,,,"Signering-Deltagande.harUtforares",0,1,"",""
"Signering-Deltagande","Signering-Deltagande.utforsAv","Signering-Deltagande.utforsAv","","","",1,1,"","","","http://example.org/fhir/xmi-to-fsh/StructureDefinition/Halso--och-sjukvardspersonal-Halso--och-sjukvardsperson {[]} {[]}
","Source attribute: utförs av","Source attribute: utförs av","","","","","","","","","",,,,,"",,,,"Signering-Deltagande.utforsAv",1,1,"",""
"Slutsvar-Dokument-inom-halso--och-sjukvard","Slutsvar-Dokument-inom-halso--och-sjukvard","Slutsvar-Dokument-inom-halso--och-sjukvard","","","",0,*,"","","","null {[]} {[]}
","Slutsvar : Dokument (inom hälso- och sjukvård)","Supporting logical model generated from gloo4.xmi (source class: Slutsvar : Dokument (inom hälso- och sjukvård)).","","","","","","","","","",,,,,"",,,,"Base",0,*,"",""
"Slutsvar-Dokument-inom-halso--och-sjukvard","Slutsvar-Dokument-inom-halso--och-sjukvard.arEtt","Slutsvar-Dokument-inom-halso--och-sjukvard.arEtt","","","",0,1,"","","","http://example.org/fhir/xmi-to-fsh/StructureDefinition/Remissvar-Dokument-inom-halso--och-sjukvard {[]} {[]}
","Source attribute: är ett","Source attribute: är ett","","","","","","","","","",,,,,"",,,,"Slutsvar-Dokument-inom-halso--och-sjukvard.arEtt",0,1,"",""
"TS","TS","TS","","","",0,*,"","","","","TS","Supporting logical model generated from gloo4.xmi (source class: TS).","","","","","","","","","",,,,,"",,,,"Base",0,*,"",""
"Urval-analyskoder-laboratoriemedicin","Urval-analyskoder-laboratoriemedicin","Urval-analyskoder-laboratoriemedicin","","","",0,*,"","","","","Urval analyskoder laboratoriemedicin","Supporting logical model generated from gloo4.xmi (source class: Urval analyskoder laboratoriemedicin).","","","","","","","","","",,,,,"",,,,"Base",0,*,"",""
"Urval-analysmetod-laboratoriemedicin","Urval-analysmetod-laboratoriemedicin","Urval-analysmetod-laboratoriemedicin","","","",0,*,"","","","","Urval analysmetod laboratoriemedicin","Supporting logical model generated from gloo4.xmi (source class: Urval analysmetod laboratoriemedicin).","","","","","","","","","",,,,,"",,,,"Base",0,*,"",""
"Urval-analysstatus-laboratoriemedicin","Urval-analysstatus-laboratoriemedicin","Urval-analysstatus-laboratoriemedicin","","","",0,*,"","","","","Urval analysstatus laboratoriemedicin  ","Supporting logical model generated from gloo4.xmi (source class: Urval analysstatus laboratoriemedicin  ).","","","","","","","","","",,,,,"",,,,"Base",0,*,"",""
"Urval-anatomisk-lokalisation-laboratoriemedicin","Urval-anatomisk-lokalisation-laboratoriemedicin","Urval-anatomisk-lokalisation-laboratoriemedicin","","","",0,*,"","","","","Urval anatomisk lokalisation laboratoriemedicin","Supporting logical model generated from gloo4.xmi (source class: Urval anatomisk lokalisation laboratoriemedicin).","","","","","","","","","",,,,,"",,,,"Base",0,*,"",""
"Urval-fynd-bakterieegenskaper-laboratoriemedicin","Urval-fynd-bakterieegenskaper-laboratoriemedicin","Urval-fynd-bakterieegenskaper-laboratoriemedicin","","","",0,*,"","","","","Urval fynd bakterieegenskaper laboratoriemedicin ","Supporting logical model generated from gloo4.xmi (source class: Urval fynd bakterieegenskaper laboratoriemedicin ).","","","","","","","","","",,,,,"",,,,"Base",0,*,"",""
"Urval-fynd-mikroorganism-laboratoriemedicin","Urval-fynd-mikroorganism-laboratoriemedicin","Urval-fynd-mikroorganism-laboratoriemedicin","","","",0,*,"","","","","Urval fynd mikroorganism laboratoriemedicin","Supporting logical model generated from gloo4.xmi (source class: Urval fynd mikroorganism laboratoriemedicin).","","","","","","","","","",,,,,"",,,,"Base",0,*,"",""
"Urval-fynd-ovrigt-laboratoriemedicin","Urval-fynd-ovrigt-laboratoriemedicin","Urval-fynd-ovrigt-laboratoriemedicin","","","",0,*,"","","","","Urval fynd övrigt laboratoriemedicin","Supporting logical model generated from gloo4.xmi (source class: Urval fynd övrigt laboratoriemedicin).","","","","","","","","","",,,,,"",,,,"Base",0,*,"",""
"Urval-fynd-resistens-laboratoriemedicin","Urval-fynd-resistens-laboratoriemedicin","Urval-fynd-resistens-laboratoriemedicin","","","",0,*,"","","","","Urval fynd resistens laboratoriemedicin ","Supporting logical model generated from gloo4.xmi (source class: Urval fynd resistens laboratoriemedicin ).","","","","","","","","","",,,,,"",,,,"Base",0,*,"",""
"Urval-provbehallare-laboratoriemedicin","Urval-provbehallare-laboratoriemedicin","Urval-provbehallare-laboratoriemedicin","","","",0,*,"","","","","Urval provbehallare laboratoriemedicin","Supporting logical model generated from gloo4.xmi (source class: Urval provbehallare laboratoriemedicin).","","","","","","","","","",,,,,"",,,,"Base",0,*,"",""
"Urval-provtyp-laboratoriemedicin","Urval-provtyp-laboratoriemedicin","Urval-provtyp-laboratoriemedicin","","","",0,*,"","","","","Urval provtyp laboratoriemedicin","Supporting logical model generated from gloo4.xmi (source class: Urval provtyp laboratoriemedicin).","","","","","","","","","",,,,,"",,,,"Base",0,*,"",""
"Urval-tolkning-resultat-laboratoriemedicin","Urval-tolkning-resultat-laboratoriemedicin","Urval-tolkning-resultat-laboratoriemedicin","","","",0,*,"","","","","Urval tolkning resultat laboratoriemedicin","Supporting logical model generated from gloo4.xmi (source class: Urval tolkning resultat laboratoriemedicin).","","","","","","","","","",,,,,"",,,,"Base",0,*,"",""
"Utforande-enhet-Organisation-inom-halso--och-sjukvard","Utforande-enhet-Organisation-inom-halso--och-sjukvard","Utforande-enhet-Organisation-inom-halso--och-sjukvard","","","",0,*,"","","","null {[]} {[]}
","Utförande enhet : Organisation (inom hälso- och sjukvård)","Supporting logical model generated from gloo4.xmi (source class: Utförande enhet : Organisation (inom hälso- och sjukvård)).","","","","","","","","","",,,,,"",,,,"Base",0,*,"",""
"Utforande-enhet-Organisation-inom-halso--och-sjukvard","Utforande-enhet-Organisation-inom-halso--och-sjukvard.utfor","Utforande-enhet-Organisation-inom-halso--och-sjukvard.utfor","","","",0,1,"","","","http://example.org/fhir/xmi-to-fsh/StructureDefinition/Laboratorieanalys-Aktivitet-inom-halso--och-sjukvard {[]} {[]}
","Source attribute: utför","Source attribute: utför","","","","","","","","","",,,,,"",,,,"Utforande-enhet-Organisation-inom-halso--och-sjukvard.utfor",0,1,"",""
"Utforande-enhet-Organisation-inom-halso--och-sjukvard","Utforande-enhet-Organisation-inom-halso--och-sjukvard.arEn","Utforande-enhet-Organisation-inom-halso--och-sjukvard.arEn","","","",0,1,"","","","http://example.org/fhir/xmi-to-fsh/StructureDefinition/Organisatorisk-enhet-Organisation-inom-halso--och-sjukv {[]} {[]}
","Source attribute: är en","Source attribute: är en","","","","","","","","","",,,,,"",,,,"Utforande-enhet-Organisation-inom-halso--och-sjukvard.arEn",0,1,"",""
"Utforande-enhet-Organisation-inom-halso--och-sjukvard","Utforande-enhet-Organisation-inom-halso--och-sjukvard.skriver","Utforande-enhet-Organisation-inom-halso--och-sjukvard.skriver","","","",0,1,"","","","http://example.org/fhir/xmi-to-fsh/StructureDefinition/Laboratoriesvar-Dokument-inom-halso--och-sjukvard {[]} {[]}
","Source attribute: skriver","Source attribute: skriver","","","","","","","","","",,,,,"",,,,"Utforande-enhet-Organisation-inom-halso--och-sjukvard.skriver",0,1,"",""
"Utford-analys","Utford-analys","Utford-analys","","","",0,*,"","","","","Utförd analys","Supporting logical model generated from gloo4.xmi (source class: Utförd analys).","","","","","","","","","",,,,,"",,,,"Base",0,*,"",""
